experiment_id,metric,platform_a,value_a,platform_b,value_b,delta,status
bow_exp1_streamflow_only@SUMMA,KGE,macos,0.816604,macos_p3repro,0.872021,0.055417,DIFF
bow_exp2_tws_only@SUMMA,CORRELATION,macos,0.921173,macos_p3repro,0.877828,0.043345,DIFF
bow_exp3_joint@SUMMA,KGE,macos,0.842957,macos_p3repro,0.840768,0.002189,OK
bow_exp4_moead_joint@SUMMA,KGE,macos,0.866988,macos_p3repro,0.713845,0.153143,DIFF
cal_ensemble_fuse_abc@FUSE,KGE,macos,0.870525,macos_p3repro,0.870525,0.000000,OK
cal_ensemble_fuse_basin_hopping@FUSE,KGE,macos,0.862520,macos_p3repro,0.862520,0.000000,OK
cal_ensemble_fuse_bayesian_opt@FUSE,KGE,macos,0.835567,macos_p3repro,0.835567,0.000000,OK
cal_ensemble_fuse_cmaes@FUSE,KGE,macos,0.909039,macos_p3repro,0.909039,0.000000,OK
cal_ensemble_fuse_dds@FUSE,KGE,macos,0.909638,macos_p3repro,0.909638,0.000000,OK
cal_ensemble_fuse_de@FUSE,KGE,macos,0.908488,macos_p3repro,0.908488,0.000000,OK
cal_ensemble_fuse_dream@FUSE,KGE,macos,0.872713,macos_p3repro,0.872713,0.000000,OK
cal_ensemble_fuse_ga@FUSE,KGE,macos,0.887208,macos_p3repro,0.887208,0.000000,OK
cal_ensemble_fuse_glue@FUSE,KGE,macos,0.851469,macos_p3repro,0.851469,0.000000,OK
cal_ensemble_fuse_moead@FUSE,KGE,macos,0.904604,macos_p3repro,0.907961,0.003356,OK
cal_ensemble_fuse_nelder_mead@FUSE,KGE,macos,0.894987,macos_p3repro,0.894987,0.000000,OK
cal_ensemble_fuse_nsga2@FUSE,KGE,macos,0.898192,macos_p3repro,0.898192,0.000000,OK
cal_ensemble_fuse_pso@FUSE,KGE,macos,0.910320,macos_p3repro,0.910320,0.000000,OK
cal_ensemble_fuse_sa@FUSE,KGE,macos,0.891930,macos_p3repro,0.891930,0.000000,OK
cal_ensemble_fuse_sceua@FUSE,KGE,macos,0.890818,macos_p3repro,0.890818,0.000000,OK
cal_ensemble_hbv_abc@HBV,KGE,macos,0.888122,macos_p3repro,0.888122,0.000000,OK
cal_ensemble_hbv_adam@HBV,KGE,macos,0.937269,macos_p3repro,0.937269,0.000000,OK
cal_ensemble_hbv_basin_hopping@HBV,KGE,macos,0.900494,macos_p3repro,0.900494,0.000000,OK
cal_ensemble_hbv_bayesian_opt@HBV,KGE,macos,0.891868,macos_p3repro,0.891868,0.000000,OK
cal_ensemble_hbv_cmaes@HBV,KGE,macos,0.917988,macos_p3repro,0.917988,0.000000,OK
cal_ensemble_hbv_dds@HBV,KGE,macos,0.938339,macos_p3repro,0.938339,0.000000,OK
cal_ensemble_hbv_de@HBV,KGE,macos,0.909082,macos_p3repro,0.909082,0.000000,OK
cal_ensemble_hbv_dream@HBV,KGE,macos,0.907862,macos_p3repro,0.907862,0.000000,OK
cal_ensemble_hbv_ga@HBV,KGE,macos,0.917939,macos_p3repro,0.917801,0.000139,OK
cal_ensemble_hbv_glue@HBV,KGE,macos,0.907066,macos_p3repro,0.907066,0.000000,OK
cal_ensemble_hbv_lbfgs@HBV,KGE,macos,0.915350,macos_p3repro,0.918686,0.003335,OK
cal_ensemble_hbv_moead@HBV,KGE,macos,0.927169,macos_p3repro,0.938799,0.011630,OK
cal_ensemble_hbv_nelder_mead@HBV,KGE,macos,0.942249,macos_p3repro,0.942249,0.000000,OK
cal_ensemble_hbv_nsga2@HBV,KGE,macos,0.726180,macos_p3repro,0.726180,0.000000,OK
cal_ensemble_hbv_pso@HBV,KGE,macos,0.929163,macos_p3repro,0.929163,0.000000,OK
cal_ensemble_hbv_sa@HBV,KGE,macos,0.915739,macos_p3repro,0.915739,0.000000,OK
cal_ensemble_hbv_sceua@HBV,KGE,macos,0.916199,macos_p3repro,0.916199,0.000000,OK
cal_ensemble_hechms_abc@HECHMS,KGE,macos,0.851098,macos_p3repro,0.851098,0.000000,OK
cal_ensemble_hechms_adam@HECHMS,KGE,macos,0.894169,macos_p3repro,0.894168,0.000001,OK
cal_ensemble_hechms_basin_hopping@HECHMS,KGE,macos,0.829519,macos_p3repro,0.807868,0.021652,DIFF
cal_ensemble_hechms_bayesian_opt@HECHMS,KGE,macos,0.658404,macos_p3repro,0.658404,0.000000,OK
cal_ensemble_hechms_cmaes@HECHMS,KGE,macos,0.878798,macos_p3repro,0.878798,0.000000,OK
cal_ensemble_hechms_dds@HECHMS,KGE,macos,0.906937,macos_p3repro,0.906937,0.000000,OK
cal_ensemble_hechms_de@HECHMS,KGE,macos,0.912730,macos_p3repro,0.912730,0.000000,OK
cal_ensemble_hechms_dream@HECHMS,KGE,macos,0.833018,macos_p3repro,0.833018,0.000000,OK
cal_ensemble_hechms_ga@HECHMS,KGE,macos,0.840899,macos_p3repro,0.840899,0.000000,OK
cal_ensemble_hechms_glue@HECHMS,KGE,macos,0.741996,macos_p3repro,0.741996,0.000000,OK
cal_ensemble_hechms_lbfgs@HECHMS,KGE,macos,0.859116,macos_p3repro,0.775851,0.083264,DIFF
cal_ensemble_hechms_moead@HECHMS,KGE,macos,0.892122,macos_p3repro,0.874528,0.017594,OK
cal_ensemble_hechms_nelder_mead@HECHMS,KGE,macos,0.900696,macos_p3repro,0.900696,0.000000,OK
cal_ensemble_hechms_nsga2@HECHMS,KGE,macos,0.876271,macos_p3repro,0.876271,0.000000,OK
cal_ensemble_hechms_pso@HECHMS,KGE,macos,0.890619,macos_p3repro,0.890619,0.000000,OK
cal_ensemble_hechms_sa@HECHMS,KGE,macos,0.771654,macos_p3repro,0.771654,0.000000,OK
cal_ensemble_hechms_sceua@HECHMS,KGE,macos,0.760275,macos_p3repro,0.760275,0.000000,OK
cal_ensemble_hype_abc@HYPE,KGE,macos,0.686033,macos_p3repro,0.686033,0.000000,OK
cal_ensemble_hype_basin_hopping@HYPE,KGE,macos,0.355703,macos_p3repro,0.355703,0.000000,OK
cal_ensemble_hype_bayesian_opt@HYPE,KGE,macos,0.474379,macos_p3repro,0.474379,0.000000,OK
cal_ensemble_hype_cmaes@HYPE,KGE,macos,0.813324,macos_p3repro,0.813324,0.000000,OK
cal_ensemble_hype_dds@HYPE,KGE,macos,0.849389,macos_p3repro,0.849389,0.000000,OK
cal_ensemble_hype_de@HYPE,KGE,macos,0.806661,macos_p3repro,0.806661,0.000000,OK
cal_ensemble_hype_dream@HYPE,KGE,macos,0.371711,macos_p3repro,0.371711,0.000000,OK
cal_ensemble_hype_ga@HYPE,KGE,macos,0.741416,macos_p3repro,0.741416,0.000000,OK
cal_ensemble_hype_glue@HYPE,KGE,macos,0.316885,macos_p3repro,0.316885,0.000000,OK
cal_ensemble_hype_moead@HYPE,KGE,macos,0.784750,macos_p3repro,0.592638,0.192112,DIFF
cal_ensemble_hype_nelder_mead@HYPE,KGE,macos,0.707065,macos_p3repro,0.707133,0.000068,OK
cal_ensemble_hype_nsga2@HYPE,KGE,macos,0.843736,macos_p3repro,0.843736,0.000000,OK
cal_ensemble_hype_pso@HYPE,KGE,macos,0.591969,macos_p3repro,0.591969,0.000000,OK
cal_ensemble_hype_sa@HYPE,KGE,macos,0.576021,macos_p3repro,0.576021,0.000000,OK
cal_ensemble_hype_sceua@HYPE,KGE,macos,0.825445,macos_p3repro,0.825445,0.000000,OK
cal_ensemble_sacsma_abc@SACSMA,KGE,macos,0.419349,macos_p3repro,0.419349,0.000000,OK
cal_ensemble_sacsma_adam@SACSMA,KGE,macos,0.844904,macos_p3repro,0.844905,0.000000,OK
cal_ensemble_sacsma_basin_hopping@SACSMA,KGE,macos,-0.917405,macos_p3repro,-0.913336,0.004069,OK
cal_ensemble_sacsma_bayesian_opt@SACSMA,KGE,macos,-0.145077,macos_p3repro,-0.140049,0.005028,OK
cal_ensemble_sacsma_cmaes@SACSMA,KGE,macos,0.812063,macos_p3repro,0.812063,0.000000,OK
cal_ensemble_sacsma_dds@SACSMA,KGE,macos,0.847925,macos_p3repro,0.847905,0.000020,OK
cal_ensemble_sacsma_de@SACSMA,KGE,macos,0.838476,macos_p3repro,0.838476,0.000000,OK
cal_ensemble_sacsma_dream@SACSMA,KGE,macos,0.597119,macos_p3repro,0.597120,0.000001,OK
cal_ensemble_sacsma_ga@SACSMA,KGE,macos,0.801942,macos_p3repro,0.801942,0.000000,OK
cal_ensemble_sacsma_glue@SACSMA,KGE,macos,0.182590,macos_p3repro,0.182589,0.000001,OK
cal_ensemble_sacsma_lbfgs@SACSMA,KGE,macos,0.829228,macos_p3repro,0.840666,0.011438,OK
cal_ensemble_sacsma_moead@SACSMA,KGE,macos,0.271356,macos_p3repro,0.226296,0.045060,DIFF
cal_ensemble_sacsma_nelder_mead@SACSMA,KGE,macos,0.130062,macos_p3repro,0.148962,0.018900,OK
cal_ensemble_sacsma_nsga2@SACSMA,KGE,macos,0.737774,macos_p3repro,0.737775,0.000001,OK
cal_ensemble_sacsma_pso@SACSMA,KGE,macos,0.316828,macos_p3repro,0.316828,0.000000,OK
cal_ensemble_sacsma_sa@SACSMA,KGE,macos,0.811628,macos_p3repro,0.811627,0.000000,OK
cal_ensemble_sacsma_sceua@SACSMA,KGE,macos,0.451409,macos_p3repro,0.482398,0.030989,DIFF
cal_ensemble_summa_abc@SUMMA,KGE,macos,0.889229,macos_p3repro,0.889527,0.000298,OK
cal_ensemble_summa_basin_hopping@SUMMA,KGE,macos,0.862453,macos_p3repro,0.881043,0.018589,OK
cal_ensemble_summa_bayesian_opt@SUMMA,KGE,macos,0.701214,macos_p3repro,0.700975,0.000238,OK
cal_ensemble_summa_cmaes@SUMMA,KGE,macos,0.879659,macos_p3repro,0.868833,0.010826,OK
cal_ensemble_summa_dds@SUMMA,KGE,macos,0.884983,macos_p3repro,0.895249,0.010267,OK
cal_ensemble_summa_de@SUMMA,KGE,macos,0.889582,macos_p3repro,0.908227,0.018645,OK
cal_ensemble_summa_dream@SUMMA,KGE,macos,0.866497,macos_p3repro,0.866478,0.000019,OK
cal_ensemble_summa_ga@SUMMA,KGE,macos,0.883887,macos_p3repro,0.900779,0.016892,OK
cal_ensemble_summa_moead@SUMMA,KGE,macos,0.868362,macos_p3repro,0.866251,0.002111,OK
cal_ensemble_summa_nelder_mead@SUMMA,KGE,macos,0.888702,macos_p3repro,0.903719,0.015017,OK
cal_ensemble_summa_nsga2@SUMMA,KGE,macos,0.887483,macos_p3repro,0.888016,0.000533,OK
cal_ensemble_summa_pso@SUMMA,KGE,macos,0.889650,macos_p3repro,0.889660,0.000011,OK
cal_ensemble_summa_sa@SUMMA,KGE,macos,0.873392,macos_p3repro,0.873386,0.000006,OK
cal_ensemble_topmodel_abc@TOPMODEL,KGE,macos,0.758922,macos_p3repro,0.758922,0.000000,OK
cal_ensemble_topmodel_adam@TOPMODEL,KGE,macos,0.720636,macos_p3repro,0.746068,0.025433,DIFF
cal_ensemble_topmodel_basin_hopping@TOPMODEL,KGE,macos,0.697080,macos_p3repro,0.709796,0.012716,OK
cal_ensemble_topmodel_bayesian_opt@TOPMODEL,KGE,macos,0.581563,macos_p3repro,0.619867,0.038305,DIFF
cal_ensemble_topmodel_cmaes@TOPMODEL,KGE,macos,0.851301,macos_p3repro,0.851300,0.000002,OK
cal_ensemble_topmodel_dds@TOPMODEL,KGE,macos,0.837660,macos_p3repro,0.837660,0.000000,OK
cal_ensemble_topmodel_de@TOPMODEL,KGE,macos,0.850677,macos_p3repro,0.850871,0.000194,OK
cal_ensemble_topmodel_dream@TOPMODEL,KGE,macos,0.693506,macos_p3repro,0.714099,0.020593,DIFF
cal_ensemble_topmodel_ga@TOPMODEL,KGE,macos,0.793072,macos_p3repro,0.793072,0.000000,OK
cal_ensemble_topmodel_glue@TOPMODEL,KGE,macos,0.719304,macos_p3repro,0.719304,0.000001,OK
cal_ensemble_topmodel_lbfgs@TOPMODEL,KGE,macos,0.644867,macos_p3repro,0.644672,0.000195,OK
cal_ensemble_topmodel_moead@TOPMODEL,KGE,macos,0.818054,macos_p3repro,0.820007,0.001954,OK
cal_ensemble_topmodel_nelder_mead@TOPMODEL,KGE,macos,0.660456,macos_p3repro,0.656992,0.003464,OK
cal_ensemble_topmodel_nsga2@TOPMODEL,KGE,macos,0.637469,macos_p3repro,0.637469,0.000000,OK
cal_ensemble_topmodel_pso@TOPMODEL,KGE,macos,0.852003,macos_p3repro,0.851364,0.000639,OK
cal_ensemble_topmodel_sa@TOPMODEL,KGE,macos,0.818860,macos_p3repro,0.837912,0.019053,OK
cal_ensemble_topmodel_sceua@TOPMODEL,KGE,macos,0.816813,macos_p3repro,0.831393,0.014581,OK
cal_ensemble_xinanjiang_abc@XINANJIANG,KGE,macos,0.684232,macos_p3repro,0.684232,0.000001,OK
cal_ensemble_xinanjiang_adam@XINANJIANG,KGE,macos,0.897548,macos_p3repro,0.897640,0.000092,OK
cal_ensemble_xinanjiang_basin_hopping@XINANJIANG,KGE,macos,0.473811,macos_p3repro,0.473810,0.000001,OK
cal_ensemble_xinanjiang_bayesian_opt@XINANJIANG,KGE,macos,0.501529,macos_p3repro,0.434745,0.066784,DIFF
cal_ensemble_xinanjiang_cmaes@XINANJIANG,KGE,macos,0.831824,macos_p3repro,0.831824,0.000000,OK
cal_ensemble_xinanjiang_dds@XINANJIANG,KGE,macos,0.905134,macos_p3repro,0.905411,0.000277,OK
cal_ensemble_xinanjiang_de@XINANJIANG,KGE,macos,0.869835,macos_p3repro,0.869836,0.000000,OK
cal_ensemble_xinanjiang_dream@XINANJIANG,KGE,macos,0.649736,macos_p3repro,0.649736,0.000001,OK
cal_ensemble_xinanjiang_ga@XINANJIANG,KGE,macos,0.822740,macos_p3repro,0.822740,0.000000,OK
cal_ensemble_xinanjiang_glue@XINANJIANG,KGE,macos,0.551076,macos_p3repro,0.551077,0.000001,OK
cal_ensemble_xinanjiang_lbfgs@XINANJIANG,KGE,macos,0.804835,macos_p3repro,0.857319,0.052484,DIFF
cal_ensemble_xinanjiang_moead@XINANJIANG,KGE,macos,0.891204,macos_p3repro,0.897142,0.005937,OK
cal_ensemble_xinanjiang_nelder_mead@XINANJIANG,KGE,macos,0.883449,macos_p3repro,0.882679,0.000770,OK
cal_ensemble_xinanjiang_nsga2@XINANJIANG,KGE,macos,0.285873,macos_p3repro,0.285872,0.000000,OK
cal_ensemble_xinanjiang_pso@XINANJIANG,KGE,macos,0.807361,macos_p3repro,0.807362,0.000001,OK
cal_ensemble_xinanjiang_sa@XINANJIANG,KGE,macos,0.880859,macos_p3repro,0.880859,0.000000,OK
cal_ensemble_xinanjiang_sceua@XINANJIANG,KGE,macos,0.783250,macos_p3repro,0.783250,0.000000,OK
forcing_ensemble_aorc@SUMMA,RMSE,macos,-306.044308,macos_p3repro,-386.547263,80.502955,DIFF
forcing_ensemble_conus404@SUMMA,RMSE,macos,-305.397516,macos_p3repro,-305.397508,0.000008,OK
forcing_ensemble_rdrs@SUMMA,RMSE,macos,-208.590593,macos_p3repro,-202.854354,5.736239,DIFF
run_1@CRHM,KGE,macos,0.931757,macos_p3repro,0.930446,0.001312,OK
run_1@FUSE,KGE,macos,0.940298,macos_p3repro,0.939322,0.000976,OK
run_1@GR,KGE,macos,0.946389,macos_p3repro,0.942604,0.003785,OK
run_1@GSFLOW,KGE,macos,0.797764,macos_p3repro,0.863662,0.065899,DIFF
run_1@HBV,KGE,macos,0.887206,macos_p3repro,0.891596,0.004389,OK
run_1@HECHMS,KGE,macos,0.820375,macos_p3repro,0.854470,0.034095,DIFF
run_1@HYPE,KGE,macos,0.900128,macos_p3repro,0.899956,0.000172,OK
run_1@MESH,KGE,macos,0.510675,macos_p3repro,0.506607,0.004068,OK
run_1@MHM,KGE,macos,0.936229,macos_p3repro,0.945014,0.008785,OK
run_1@PRMS,KGE,macos,0.923122,macos_p3repro,0.924675,0.001553,OK
run_1@RHESSys,KGE,macos,0.367511,macos_p3repro,0.836306,0.468796,DIFF
run_1@SACSMA,KGE,macos,0.020935,macos_p3repro,0.886959,0.866024,DIFF
run_1@SUMMA,KGE,macos,0.892932,macos_p3repro,0.893597,0.000665,OK
run_1@SWAT,KGE,macos,0.805827,macos_p3repro,0.792790,0.013037,OK
run_1@TOPMODEL,KGE,macos,0.538944,macos_p3repro,0.908749,0.369806,EXPLAINED
run_1@XINANJIANG,KGE,macos,0.492508,macos_p3repro,0.931094,0.438586,EXPLAINED
cal_ensemble_hbv_abc@HBV,KGE,macos,0.888122,native_windows,0.888122,0.000000,OK
cal_ensemble_hbv_adam@HBV,KGE,macos,0.937269,native_windows,0.937269,0.000000,OK
cal_ensemble_hbv_basin_hopping@HBV,KGE,macos,0.900494,native_windows,0.900494,0.000000,OK
cal_ensemble_hbv_bayesian_opt@HBV,KGE,macos,0.891868,native_windows,0.891868,0.000000,OK
cal_ensemble_hbv_cmaes@HBV,KGE,macos,0.917988,native_windows,0.928871,0.010882,OK
cal_ensemble_hbv_dds@HBV,KGE,macos,0.938339,native_windows,0.938339,0.000000,OK
cal_ensemble_hbv_de@HBV,KGE,macos,0.909082,native_windows,0.909082,0.000000,OK
cal_ensemble_hbv_dream@HBV,KGE,macos,0.907862,native_windows,0.907862,0.000000,OK
cal_ensemble_hbv_ga@HBV,KGE,macos,0.917939,native_windows,0.916071,0.001868,OK
cal_ensemble_hbv_glue@HBV,KGE,macos,0.907066,native_windows,0.907066,0.000000,OK
cal_ensemble_hbv_lbfgs@HBV,KGE,macos,0.915350,native_windows,0.906736,0.008614,OK
cal_ensemble_hbv_moead@HBV,KGE,macos,0.927169,native_windows,0.936404,0.009235,OK
cal_ensemble_hbv_nelder_mead@HBV,KGE,macos,0.942249,native_windows,0.942249,0.000000,OK
cal_ensemble_hbv_nsga2@HBV,KGE,macos,0.726180,native_windows,0.890807,0.164627,DIFF
cal_ensemble_hbv_pso@HBV,KGE,macos,0.929163,native_windows,0.929163,0.000000,OK
cal_ensemble_hbv_sa@HBV,KGE,macos,0.915739,native_windows,0.915739,0.000000,OK
cal_ensemble_hbv_sceua@HBV,KGE,macos,0.916199,native_windows,0.916199,0.000000,OK
cal_ensemble_hechms_abc@HECHMS,KGE,macos,0.851098,native_windows,0.851098,0.000000,OK
cal_ensemble_hechms_adam@HECHMS,KGE,macos,0.894169,native_windows,0.894169,0.000000,OK
cal_ensemble_hechms_basin_hopping@HECHMS,KGE,macos,0.829519,native_windows,0.799577,0.029943,DIFF
cal_ensemble_hechms_bayesian_opt@HECHMS,KGE,macos,0.658404,native_windows,0.658404,0.000000,OK
cal_ensemble_hechms_cmaes@HECHMS,KGE,macos,0.878798,native_windows,0.879490,0.000692,OK
cal_ensemble_hechms_dds@HECHMS,KGE,macos,0.906937,native_windows,0.906937,0.000000,OK
cal_ensemble_hechms_de@HECHMS,KGE,macos,0.912730,native_windows,0.912730,0.000000,OK
cal_ensemble_hechms_dream@HECHMS,KGE,macos,0.833018,native_windows,0.833018,0.000000,OK
cal_ensemble_hechms_ga@HECHMS,KGE,macos,0.840899,native_windows,0.874822,0.033923,DIFF
cal_ensemble_hechms_glue@HECHMS,KGE,macos,0.741996,native_windows,0.741996,0.000000,OK
cal_ensemble_hype_ga@HYPE,KGE,macos,0.741416,native_windows,0.054442,0.686974,DIFF
run_1@FUSE,KGE,macos,0.940298,native_windows,0.940298,0.000000,OK
run_1@GSFLOW,KGE,macos,0.797764,native_windows,0.800698,0.002934,OK
run_1@HBV,KGE,macos,0.887206,native_windows,0.887254,0.000048,OK
run_1@HECHMS,KGE,macos,0.820375,native_windows,0.852517,0.032141,DIFF
run_1@TOPMODEL,KGE,macos,0.538944,native_windows,0.953393,0.414450,EXPLAINED
run_1@XINANJIANG,KGE,macos,0.492508,native_windows,0.914235,0.421727,EXPLAINED
bow_exp3_joint@SUMMA,KGE,macos,0.842957,wsl,0.851716,0.008759,OK
bow_exp4_moead_joint@SUMMA,KGE,macos,0.866988,wsl,0.741312,0.125676,DIFF
cal_ensemble_fuse_abc@FUSE,KGE,macos,0.870525,wsl,0.870525,0.000000,OK
cal_ensemble_fuse_basin_hopping@FUSE,KGE,macos,0.862520,wsl,0.848325,0.014195,OK
cal_ensemble_fuse_bayesian_opt@FUSE,KGE,macos,0.835567,wsl,0.835567,0.000000,OK
cal_ensemble_fuse_cmaes@FUSE,KGE,macos,0.909039,wsl,0.908427,0.000612,OK
cal_ensemble_fuse_dds@FUSE,KGE,macos,0.909638,wsl,0.909638,0.000000,OK
cal_ensemble_fuse_de@FUSE,KGE,macos,0.908488,wsl,0.908488,0.000000,OK
cal_ensemble_fuse_dream@FUSE,KGE,macos,0.872713,wsl,0.872713,0.000000,OK
cal_ensemble_fuse_ga@FUSE,KGE,macos,0.887208,wsl,0.887208,0.000000,OK
cal_ensemble_fuse_glue@FUSE,KGE,macos,0.851469,wsl,0.851469,0.000000,OK
cal_ensemble_fuse_nelder_mead@FUSE,KGE,macos,0.894987,wsl,0.895090,0.000103,OK
cal_ensemble_fuse_nsga2@FUSE,KGE,macos,0.898192,wsl,0.907447,0.009255,OK
cal_ensemble_fuse_pso@FUSE,KGE,macos,0.910320,wsl,0.910320,0.000000,OK
cal_ensemble_fuse_sa@FUSE,KGE,macos,0.891930,wsl,0.891930,0.000000,OK
cal_ensemble_fuse_sceua@FUSE,KGE,macos,0.890818,wsl,0.890818,0.000000,OK
cal_ensemble_hype_abc@HYPE,KGE,macos,0.686033,wsl,0.686033,0.000000,OK
cal_ensemble_hype_basin_hopping@HYPE,KGE,macos,0.355703,wsl,0.355705,0.000003,OK
cal_ensemble_hype_bayesian_opt@HYPE,KGE,macos,0.474379,wsl,0.474379,0.000000,OK
cal_ensemble_hype_cmaes@HYPE,KGE,macos,0.813324,wsl,0.690405,0.122919,EXPLAINED
cal_ensemble_hype_dds@HYPE,KGE,macos,0.849389,wsl,0.849389,0.000000,OK
cal_ensemble_hype_de@HYPE,KGE,macos,0.806661,wsl,0.806661,0.000000,OK
forcing_ensemble_aorc@SUMMA,RMSE,macos,-306.044308,wsl,-386.303051,80.258743,DIFF
forcing_ensemble_conus404@SUMMA,RMSE,macos,-305.397516,wsl,-306.164913,0.767397,OK
forcing_ensemble_rdrs@SUMMA,RMSE,macos,-208.590593,wsl,-211.913747,3.323155,OK
run_1@CRHM,KGE,macos,0.931757,wsl,0.929350,0.002407,OK
run_1@FUSE,KGE,macos,0.940298,wsl,0.940298,0.000000,OK
run_1@GSFLOW,KGE,macos,0.797764,wsl,0.800698,0.002934,OK
run_1@HBV,KGE,macos,0.887206,wsl,0.887254,0.000048,OK
run_1@HECHMS,KGE,macos,0.820375,wsl,0.852517,0.032141,DIFF
run_1@SACSMA,KGE,macos,0.020935,wsl,0.881684,0.860749,DIFF
run_1@SUMMA,KGE,macos,0.892932,wsl,0.791400,0.101532,EXPLAINED
run_1@SWAT,KGE,macos,0.805827,wsl,0.781713,0.024114,DIFF
run_1@TOPMODEL,KGE,macos,0.538944,wsl,0.953393,0.414450,EXPLAINED
run_1@XINANJIANG,KGE,macos,0.492508,wsl,0.914235,0.421727,EXPLAINED
cal_ensemble_hbv_abc@HBV,KGE,macos_p3repro,0.888122,native_windows,0.888122,0.000000,OK
cal_ensemble_hbv_adam@HBV,KGE,macos_p3repro,0.937269,native_windows,0.937269,0.000000,OK
cal_ensemble_hbv_basin_hopping@HBV,KGE,macos_p3repro,0.900494,native_windows,0.900494,0.000000,OK
cal_ensemble_hbv_bayesian_opt@HBV,KGE,macos_p3repro,0.891868,native_windows,0.891868,0.000000,OK
cal_ensemble_hbv_cmaes@HBV,KGE,macos_p3repro,0.917988,native_windows,0.928871,0.010883,OK
cal_ensemble_hbv_dds@HBV,KGE,macos_p3repro,0.938339,native_windows,0.938339,0.000000,OK
cal_ensemble_hbv_de@HBV,KGE,macos_p3repro,0.909082,native_windows,0.909082,0.000000,OK
cal_ensemble_hbv_dream@HBV,KGE,macos_p3repro,0.907862,native_windows,0.907862,0.000000,OK
cal_ensemble_hbv_ga@HBV,KGE,macos_p3repro,0.917801,native_windows,0.916071,0.001730,OK
cal_ensemble_hbv_glue@HBV,KGE,macos_p3repro,0.907066,native_windows,0.907066,0.000000,OK
cal_ensemble_hbv_lbfgs@HBV,KGE,macos_p3repro,0.918686,native_windows,0.906736,0.011949,OK
cal_ensemble_hbv_moead@HBV,KGE,macos_p3repro,0.938799,native_windows,0.936404,0.002395,OK
cal_ensemble_hbv_nelder_mead@HBV,KGE,macos_p3repro,0.942249,native_windows,0.942249,0.000000,OK
cal_ensemble_hbv_nsga2@HBV,KGE,macos_p3repro,0.726180,native_windows,0.890807,0.164627,DIFF
cal_ensemble_hbv_pso@HBV,KGE,macos_p3repro,0.929163,native_windows,0.929163,0.000000,OK
cal_ensemble_hbv_sa@HBV,KGE,macos_p3repro,0.915739,native_windows,0.915739,0.000000,OK
cal_ensemble_hbv_sceua@HBV,KGE,macos_p3repro,0.916199,native_windows,0.916199,0.000000,OK
cal_ensemble_hechms_abc@HECHMS,KGE,macos_p3repro,0.851098,native_windows,0.851098,0.000000,OK
cal_ensemble_hechms_adam@HECHMS,KGE,macos_p3repro,0.894168,native_windows,0.894169,0.000000,OK
cal_ensemble_hechms_basin_hopping@HECHMS,KGE,macos_p3repro,0.807868,native_windows,0.799577,0.008291,OK
cal_ensemble_hechms_bayesian_opt@HECHMS,KGE,macos_p3repro,0.658404,native_windows,0.658404,0.000000,OK
cal_ensemble_hechms_cmaes@HECHMS,KGE,macos_p3repro,0.878798,native_windows,0.879490,0.000692,OK
cal_ensemble_hechms_dds@HECHMS,KGE,macos_p3repro,0.906937,native_windows,0.906937,0.000000,OK
cal_ensemble_hechms_de@HECHMS,KGE,macos_p3repro,0.912730,native_windows,0.912730,0.000000,OK
cal_ensemble_hechms_dream@HECHMS,KGE,macos_p3repro,0.833018,native_windows,0.833018,0.000000,OK
cal_ensemble_hechms_ga@HECHMS,KGE,macos_p3repro,0.840899,native_windows,0.874822,0.033923,DIFF
cal_ensemble_hechms_glue@HECHMS,KGE,macos_p3repro,0.741996,native_windows,0.741996,0.000000,OK
cal_ensemble_hype_ga@HYPE,KGE,macos_p3repro,0.741416,native_windows,0.054442,0.686974,DIFF
domain_Bow_at_Banff_distributed:catchment/distributed/Bow_at_Banff_distributed/Bow_at_Banff_distributed_HRUs_GRUs.shp,n_features,macos_p3repro,2332.000000,native_windows,2332.000000,0.000000,OK
domain_Bow_at_Banff_distributed:river_basins/Bow_at_Banff_distributed_riverBasins_distributed_1000m.shp,n_features,macos_p3repro,2332.000000,native_windows,2332.000000,0.000000,OK
domain_Bow_at_Banff_distributed:river_network/Bow_at_Banff_distributed_riverNetwork_distributed_1000m.shp,n_features,macos_p3repro,2332.000000,native_windows,2332.000000,0.000000,OK
domain_Bow_at_Banff_lumped:catchment/lumped/pipeline_bow/Bow_at_Banff_lumped_HRUs_GRUs.shp,n_features,macos_p3repro,1.000000,native_windows,1.000000,0.000000,OK
domain_Bow_at_Banff_lumped:river_basins/Bow_at_Banff_lumped_riverBasins_lumped.shp,n_features,macos_p3repro,1.000000,native_windows,1.000000,0.000000,OK
domain_Bow_at_Banff_lumped:river_network/Bow_at_Banff_lumped_riverNetwork_lumped.shp,n_features,macos_p3repro,1.000000,native_windows,1.000000,0.000000,OK
domain_Bow_at_Banff_lumped_calibration_ensemble:catchment/lumped/cal_ensemble_fuse_abc/Bow_at_Banff_lumped_calibration_ensemble_HRUs_GRUs.shp,n_features,macos_p3repro,1.000000,native_windows,1.000000,0.000000,OK
domain_Bow_at_Banff_lumped_calibration_ensemble:catchment/lumped/cal_ensemble_hbv_abc/Bow_at_Banff_lumped_calibration_ensemble_HRUs_GRUs.shp,n_features,macos_p3repro,1.000000,native_windows,1.000000,0.000000,OK
domain_Bow_at_Banff_lumped_calibration_ensemble:catchment/lumped/cal_ensemble_hbv_adam/Bow_at_Banff_lumped_calibration_ensemble_HRUs_GRUs.shp,n_features,macos_p3repro,1.000000,native_windows,1.000000,0.000000,OK
domain_Bow_at_Banff_lumped_calibration_ensemble:catchment/lumped/cal_ensemble_hbv_basin_hopping/Bow_at_Banff_lumped_calibration_ensemble_HRUs_GRUs.shp,n_features,macos_p3repro,1.000000,native_windows,1.000000,0.000000,OK
domain_Bow_at_Banff_lumped_calibration_ensemble:catchment/lumped/cal_ensemble_hbv_bayesian_opt/Bow_at_Banff_lumped_calibration_ensemble_HRUs_GRUs.shp,n_features,macos_p3repro,1.000000,native_windows,1.000000,0.000000,OK
domain_Bow_at_Banff_lumped_calibration_ensemble:catchment/lumped/cal_ensemble_hbv_cmaes/Bow_at_Banff_lumped_calibration_ensemble_HRUs_GRUs.shp,n_features,macos_p3repro,1.000000,native_windows,1.000000,0.000000,OK
domain_Bow_at_Banff_lumped_calibration_ensemble:catchment/lumped/cal_ensemble_hbv_dds/Bow_at_Banff_lumped_calibration_ensemble_HRUs_GRUs.shp,n_features,macos_p3repro,1.000000,native_windows,1.000000,0.000000,OK
domain_Bow_at_Banff_lumped_calibration_ensemble:catchment/lumped/cal_ensemble_hbv_de/Bow_at_Banff_lumped_calibration_ensemble_HRUs_GRUs.shp,n_features,macos_p3repro,1.000000,native_windows,1.000000,0.000000,OK
domain_Bow_at_Banff_lumped_calibration_ensemble:catchment/lumped/cal_ensemble_hbv_dream/Bow_at_Banff_lumped_calibration_ensemble_HRUs_GRUs.shp,n_features,macos_p3repro,1.000000,native_windows,1.000000,0.000000,OK
domain_Bow_at_Banff_lumped_calibration_ensemble:catchment/lumped/cal_ensemble_hbv_ga/Bow_at_Banff_lumped_calibration_ensemble_HRUs_GRUs.shp,n_features,macos_p3repro,1.000000,native_windows,1.000000,0.000000,OK
domain_Bow_at_Banff_lumped_calibration_ensemble:catchment/lumped/cal_ensemble_hbv_glue/Bow_at_Banff_lumped_calibration_ensemble_HRUs_GRUs.shp,n_features,macos_p3repro,1.000000,native_windows,1.000000,0.000000,OK
domain_Bow_at_Banff_lumped_calibration_ensemble:catchment/lumped/cal_ensemble_hbv_lbfgs/Bow_at_Banff_lumped_calibration_ensemble_HRUs_GRUs.shp,n_features,macos_p3repro,1.000000,native_windows,1.000000,0.000000,OK
domain_Bow_at_Banff_lumped_calibration_ensemble:catchment/lumped/cal_ensemble_hbv_moead/Bow_at_Banff_lumped_calibration_ensemble_HRUs_GRUs.shp,n_features,macos_p3repro,1.000000,native_windows,1.000000,0.000000,OK
domain_Bow_at_Banff_lumped_calibration_ensemble:catchment/lumped/cal_ensemble_hbv_nelder_mead/Bow_at_Banff_lumped_calibration_ensemble_HRUs_GRUs.shp,n_features,macos_p3repro,1.000000,native_windows,1.000000,0.000000,OK
domain_Bow_at_Banff_lumped_calibration_ensemble:catchment/lumped/cal_ensemble_hbv_nsga2/Bow_at_Banff_lumped_calibration_ensemble_HRUs_GRUs.shp,n_features,macos_p3repro,1.000000,native_windows,1.000000,0.000000,OK
domain_Bow_at_Banff_lumped_calibration_ensemble:catchment/lumped/cal_ensemble_hbv_pso/Bow_at_Banff_lumped_calibration_ensemble_HRUs_GRUs.shp,n_features,macos_p3repro,1.000000,native_windows,1.000000,0.000000,OK
domain_Bow_at_Banff_lumped_calibration_ensemble:catchment/lumped/cal_ensemble_hbv_sa/Bow_at_Banff_lumped_calibration_ensemble_HRUs_GRUs.shp,n_features,macos_p3repro,1.000000,native_windows,1.000000,0.000000,OK
domain_Bow_at_Banff_lumped_calibration_ensemble:catchment/lumped/cal_ensemble_hbv_sceua/Bow_at_Banff_lumped_calibration_ensemble_HRUs_GRUs.shp,n_features,macos_p3repro,1.000000,native_windows,1.000000,0.000000,OK
domain_Bow_at_Banff_lumped_calibration_ensemble:catchment/lumped/cal_ensemble_hechms_abc/Bow_at_Banff_lumped_calibration_ensemble_HRUs_GRUs.shp,n_features,macos_p3repro,1.000000,native_windows,1.000000,0.000000,OK
domain_Bow_at_Banff_lumped_calibration_ensemble:catchment/lumped/cal_ensemble_hechms_adam/Bow_at_Banff_lumped_calibration_ensemble_HRUs_GRUs.shp,n_features,macos_p3repro,1.000000,native_windows,1.000000,0.000000,OK
domain_Bow_at_Banff_lumped_calibration_ensemble:catchment/lumped/cal_ensemble_hechms_basin_hopping/Bow_at_Banff_lumped_calibration_ensemble_HRUs_GRUs.shp,n_features,macos_p3repro,1.000000,native_windows,1.000000,0.000000,OK
domain_Bow_at_Banff_lumped_calibration_ensemble:catchment/lumped/cal_ensemble_hechms_bayesian_opt/Bow_at_Banff_lumped_calibration_ensemble_HRUs_GRUs.shp,n_features,macos_p3repro,1.000000,native_windows,1.000000,0.000000,OK
domain_Bow_at_Banff_lumped_calibration_ensemble:catchment/lumped/cal_ensemble_hechms_cmaes/Bow_at_Banff_lumped_calibration_ensemble_HRUs_GRUs.shp,n_features,macos_p3repro,1.000000,native_windows,1.000000,0.000000,OK
domain_Bow_at_Banff_lumped_calibration_ensemble:catchment/lumped/cal_ensemble_hechms_dds/Bow_at_Banff_lumped_calibration_ensemble_HRUs_GRUs.shp,n_features,macos_p3repro,1.000000,native_windows,1.000000,0.000000,OK
domain_Bow_at_Banff_lumped_calibration_ensemble:catchment/lumped/cal_ensemble_hechms_de/Bow_at_Banff_lumped_calibration_ensemble_HRUs_GRUs.shp,n_features,macos_p3repro,1.000000,native_windows,1.000000,0.000000,OK
domain_Bow_at_Banff_lumped_calibration_ensemble:catchment/lumped/cal_ensemble_hechms_dream/Bow_at_Banff_lumped_calibration_ensemble_HRUs_GRUs.shp,n_features,macos_p3repro,1.000000,native_windows,1.000000,0.000000,OK
domain_Bow_at_Banff_lumped_calibration_ensemble:catchment/lumped/cal_ensemble_hechms_ga/Bow_at_Banff_lumped_calibration_ensemble_HRUs_GRUs.shp,n_features,macos_p3repro,1.000000,native_windows,1.000000,0.000000,OK
domain_Bow_at_Banff_lumped_calibration_ensemble:catchment/lumped/cal_ensemble_hechms_glue/Bow_at_Banff_lumped_calibration_ensemble_HRUs_GRUs.shp,n_features,macos_p3repro,1.000000,native_windows,1.000000,0.000000,OK
domain_Bow_at_Banff_lumped_calibration_ensemble:catchment/lumped/cal_ensemble_hechms_lbfgs/Bow_at_Banff_lumped_calibration_ensemble_HRUs_GRUs.shp,n_features,macos_p3repro,1.000000,native_windows,1.000000,0.000000,OK
domain_Bow_at_Banff_lumped_calibration_ensemble:catchment/lumped/cal_ensemble_hechms_moead/Bow_at_Banff_lumped_calibration_ensemble_HRUs_GRUs.shp,n_features,macos_p3repro,1.000000,native_windows,1.000000,0.000000,OK
domain_Bow_at_Banff_lumped_calibration_ensemble:catchment/lumped/cal_ensemble_hechms_nelder_mead/Bow_at_Banff_lumped_calibration_ensemble_HRUs_GRUs.shp,n_features,macos_p3repro,1.000000,native_windows,1.000000,0.000000,OK
domain_Bow_at_Banff_lumped_calibration_ensemble:catchment/lumped/cal_ensemble_hechms_nsga2/Bow_at_Banff_lumped_calibration_ensemble_HRUs_GRUs.shp,n_features,macos_p3repro,1.000000,native_windows,1.000000,0.000000,OK
domain_Bow_at_Banff_lumped_calibration_ensemble:catchment/lumped/cal_ensemble_hechms_pso/Bow_at_Banff_lumped_calibration_ensemble_HRUs_GRUs.shp,n_features,macos_p3repro,1.000000,native_windows,1.000000,0.000000,OK
domain_Bow_at_Banff_lumped_calibration_ensemble:catchment/lumped/cal_ensemble_hechms_sa/Bow_at_Banff_lumped_calibration_ensemble_HRUs_GRUs.shp,n_features,macos_p3repro,1.000000,native_windows,1.000000,0.000000,OK
domain_Bow_at_Banff_lumped_calibration_ensemble:catchment/lumped/cal_ensemble_hechms_sceua/Bow_at_Banff_lumped_calibration_ensemble_HRUs_GRUs.shp,n_features,macos_p3repro,1.000000,native_windows,1.000000,0.000000,OK
domain_Bow_at_Banff_lumped_calibration_ensemble:catchment/lumped/cal_ensemble_hype_abc/Bow_at_Banff_lumped_calibration_ensemble_HRUs_GRUs.shp,n_features,macos_p3repro,1.000000,native_windows,1.000000,0.000000,OK
domain_Bow_at_Banff_lumped_calibration_ensemble:catchment/lumped/cal_ensemble_hype_basin_hopping/Bow_at_Banff_lumped_calibration_ensemble_HRUs_GRUs.shp,n_features,macos_p3repro,1.000000,native_windows,1.000000,0.000000,OK
domain_Bow_at_Banff_lumped_calibration_ensemble:catchment/lumped/cal_ensemble_hype_bayesian_opt/Bow_at_Banff_lumped_calibration_ensemble_HRUs_GRUs.shp,n_features,macos_p3repro,1.000000,native_windows,1.000000,0.000000,OK
domain_Bow_at_Banff_lumped_calibration_ensemble:catchment/lumped/cal_ensemble_hype_cmaes/Bow_at_Banff_lumped_calibration_ensemble_HRUs_GRUs.shp,n_features,macos_p3repro,1.000000,native_windows,1.000000,0.000000,OK
domain_Bow_at_Banff_lumped_calibration_ensemble:catchment/lumped/cal_ensemble_hype_dds/Bow_at_Banff_lumped_calibration_ensemble_HRUs_GRUs.shp,n_features,macos_p3repro,1.000000,native_windows,1.000000,0.000000,OK
domain_Bow_at_Banff_lumped_calibration_ensemble:catchment/lumped/cal_ensemble_hype_de/Bow_at_Banff_lumped_calibration_ensemble_HRUs_GRUs.shp,n_features,macos_p3repro,1.000000,native_windows,1.000000,0.000000,OK
domain_Bow_at_Banff_lumped_calibration_ensemble:catchment/lumped/cal_ensemble_hype_dream/Bow_at_Banff_lumped_calibration_ensemble_HRUs_GRUs.shp,n_features,macos_p3repro,1.000000,native_windows,1.000000,0.000000,OK
domain_Bow_at_Banff_lumped_calibration_ensemble:catchment/lumped/cal_ensemble_hype_ga/Bow_at_Banff_lumped_calibration_ensemble_HRUs_GRUs.shp,n_features,macos_p3repro,1.000000,native_windows,1.000000,0.000000,OK
domain_Bow_at_Banff_lumped_calibration_ensemble:catchment/lumped/cal_ensemble_hype_glue/Bow_at_Banff_lumped_calibration_ensemble_HRUs_GRUs.shp,n_features,macos_p3repro,1.000000,native_windows,1.000000,0.000000,OK
domain_Bow_at_Banff_lumped_calibration_ensemble:river_basins/Bow_at_Banff_lumped_calibration_ensemble_riverBasins_lumped.shp,n_features,macos_p3repro,1.000000,native_windows,1.000000,0.000000,OK
domain_Bow_at_Banff_lumped_calibration_ensemble:river_network/Bow_at_Banff_lumped_calibration_ensemble_riverNetwork_lumped.shp,n_features,macos_p3repro,1.000000,native_windows,1.000000,0.000000,OK
domain_Bow_at_Banff_lumped_elev_aspect:catchment/lumped/Bow_at_Banff_lumped_elev_aspect/Bow_at_Banff_lumped_elev_aspect_HRUs_elevation_aspect.shp,n_features,macos_p3repro,88.000000,native_windows,88.000000,0.000000,OK
domain_Bow_at_Banff_lumped_elev_aspect:river_basins/Bow_at_Banff_lumped_elev_aspect_riverBasins_lumped.shp,n_features,macos_p3repro,1.000000,native_windows,1.000000,0.000000,OK
domain_Bow_at_Banff_lumped_elev_aspect:river_network/Bow_at_Banff_lumped_elev_aspect_riverNetwork_lumped.shp,n_features,macos_p3repro,1.000000,native_windows,1.000000,0.000000,OK
domain_Bow_at_Banff_lumped_elev_bands:catchment/lumped/Bow_at_Banff_lumped_elev_bands/Bow_at_Banff_lumped_elev_bands_HRUs_elevation.shp,n_features,macos_p3repro,12.000000,native_windows,12.000000,0.000000,OK
domain_Bow_at_Banff_lumped_elev_bands:river_basins/Bow_at_Banff_lumped_elev_bands_riverBasins_lumped.shp,n_features,macos_p3repro,1.000000,native_windows,1.000000,0.000000,OK
domain_Bow_at_Banff_lumped_elev_bands:river_network/Bow_at_Banff_lumped_elev_bands_riverNetwork_lumped.shp,n_features,macos_p3repro,1.000000,native_windows,1.000000,0.000000,OK
domain_Bow_at_Banff_lumped_elev_sd_routing:catchment/lumped/Bow_at_Banff_lumped_elev_sd_routing/Bow_at_Banff_lumped_elev_sd_routing_HRUs_elevation.shp,n_features,macos_p3repro,12.000000,native_windows,12.000000,0.000000,OK
domain_Bow_at_Banff_lumped_elev_sd_routing:catchment/lumped/Bow_at_Banff_lumped_elev_sd_routing/Bow_at_Banff_lumped_elev_sd_routing_catchment_delineated.shp,n_features,macos_p3repro,49.000000,native_windows,49.000000,0.000000,OK
domain_Bow_at_Banff_lumped_elev_sd_routing:river_basins/Bow_at_Banff_lumped_elev_sd_routing_riverBasins_delineate.shp,n_features,macos_p3repro,49.000000,native_windows,49.000000,0.000000,OK
domain_Bow_at_Banff_lumped_elev_sd_routing:river_basins/Bow_at_Banff_lumped_elev_sd_routing_riverBasins_lumped.shp,n_features,macos_p3repro,1.000000,native_windows,1.000000,0.000000,OK
domain_Bow_at_Banff_lumped_elev_sd_routing:river_network/Bow_at_Banff_lumped_elev_sd_routing_riverNetwork_delineate.shp,n_features,macos_p3repro,49.000000,native_windows,49.000000,0.000000,OK
domain_Bow_at_Banff_lumped_elev_sd_routing:river_network/Bow_at_Banff_lumped_elev_sd_routing_riverNetwork_lumped.shp,n_features,macos_p3repro,1.000000,native_windows,1.000000,0.000000,OK
domain_Bow_at_Banff_lumped_era5:catchment/lumped/Bow_at_Banff_lumped_era5/Bow_at_Banff_lumped_era5_HRUs_GRUs.shp,n_features,macos_p3repro,1.000000,native_windows,1.000000,0.000000,OK
domain_Bow_at_Banff_lumped_era5:catchment/lumped/run_1/Bow_at_Banff_lumped_era5_HRUs_GRUs.shp,n_features,macos_p3repro,1.000000,native_windows,1.000000,0.000000,OK
domain_Bow_at_Banff_lumped_era5:catchment/lumped/run_1/Bow_at_Banff_lumped_era5_HRUs_elevation.shp,n_features,macos_p3repro,12.000000,native_windows,12.000000,0.000000,OK
domain_Bow_at_Banff_lumped_era5:river_basins/Bow_at_Banff_lumped_era5_riverBasins_lumped.shp,n_features,macos_p3repro,1.000000,native_windows,1.000000,0.000000,OK
domain_Bow_at_Banff_lumped_era5:river_network/Bow_at_Banff_lumped_era5_riverNetwork_lumped.shp,n_features,macos_p3repro,1.000000,native_windows,1.000000,0.000000,OK
domain_Bow_at_Banff_lumped_land_classes:catchment/lumped/Bow_at_Banff_lumped_land_classes/Bow_at_Banff_lumped_land_classes_HRUs_landclass.shp,n_features,macos_p3repro,9.000000,native_windows,9.000000,0.000000,OK
domain_Bow_at_Banff_lumped_land_classes:river_basins/Bow_at_Banff_lumped_land_classes_riverBasins_lumped.shp,n_features,macos_p3repro,1.000000,native_windows,1.000000,0.000000,OK
domain_Bow_at_Banff_lumped_land_classes:river_network/Bow_at_Banff_lumped_land_classes_riverNetwork_lumped.shp,n_features,macos_p3repro,1.000000,native_windows,1.000000,0.000000,OK
domain_Bow_at_Banff_lumped_sd_routing:catchment/lumped/Bow_at_Banff_lumped_sd_routing/Bow_at_Banff_lumped_sd_routing_HRUs_GRUs.shp,n_features,macos_p3repro,1.000000,native_windows,1.000000,0.000000,OK
domain_Bow_at_Banff_lumped_sd_routing:catchment/lumped/Bow_at_Banff_lumped_sd_routing/Bow_at_Banff_lumped_sd_routing_catchment_delineated.shp,n_features,macos_p3repro,49.000000,native_windows,49.000000,0.000000,OK
domain_Bow_at_Banff_lumped_sd_routing:river_basins/Bow_at_Banff_lumped_sd_routing_riverBasins_delineate.shp,n_features,macos_p3repro,49.000000,native_windows,49.000000,0.000000,OK
domain_Bow_at_Banff_lumped_sd_routing:river_basins/Bow_at_Banff_lumped_sd_routing_riverBasins_lumped.shp,n_features,macos_p3repro,1.000000,native_windows,1.000000,0.000000,OK
domain_Bow_at_Banff_lumped_sd_routing:river_network/Bow_at_Banff_lumped_sd_routing_riverNetwork_delineate.shp,n_features,macos_p3repro,49.000000,native_windows,49.000000,0.000000,OK
domain_Bow_at_Banff_lumped_sd_routing:river_network/Bow_at_Banff_lumped_sd_routing_riverNetwork_lumped.shp,n_features,macos_p3repro,1.000000,native_windows,1.000000,0.000000,OK
domain_Bow_at_Banff_multivar:catchment/lumped/bow_exp3_joint/Bow_at_Banff_multivar_HRUs_GRUs.shp,n_features,macos_p3repro,1.000000,native_windows,1.000000,0.000000,OK
domain_Bow_at_Banff_multivar:catchment/lumped/bow_exp4_moead_joint/Bow_at_Banff_multivar_HRUs_GRUs.shp,n_features,macos_p3repro,1.000000,native_windows,1.000000,0.000000,OK
domain_Bow_at_Banff_multivar:river_basins/Bow_at_Banff_multivar_riverBasins_lumped.shp,n_features,macos_p3repro,1.000000,native_windows,1.000000,0.000000,OK
domain_Bow_at_Banff_multivar:river_network/Bow_at_Banff_multivar_riverNetwork_lumped.shp,n_features,macos_p3repro,1.000000,native_windows,1.000000,0.000000,OK
domain_Bow_at_Banff_semidistributed_elev:catchment/semidistributed/Bow_at_Banff_semidistributed_elev/Bow_at_Banff_semidistributed_elev_HRUs_elevation.shp,n_features,macos_p3repro,363.000000,native_windows,363.000000,0.000000,OK
domain_Bow_at_Banff_semidistributed_elev:river_basins/Bow_at_Banff_semidistributed_elev_riverBasins_semidistributed.shp,n_features,macos_p3repro,49.000000,native_windows,49.000000,0.000000,OK
domain_Bow_at_Banff_semidistributed_elev:river_network/Bow_at_Banff_semidistributed_elev_riverNetwork_semidistributed.shp,n_features,macos_p3repro,49.000000,native_windows,49.000000,0.000000,OK
domain_Bow_at_Banff_semidistributed_elev_aspect:catchment/semidistributed/Bow_at_Banff_semidistributed_elev_aspect/Bow_at_Banff_semidistributed_elev_aspect_HRUs_elevation_aspect.shp,n_features,macos_p3repro,2409.000000,native_windows,2409.000000,0.000000,OK
domain_Bow_at_Banff_semidistributed_elev_aspect:river_basins/Bow_at_Banff_semidistributed_elev_aspect_riverBasins_semidistributed.shp,n_features,macos_p3repro,49.000000,native_windows,49.000000,0.000000,OK
domain_Bow_at_Banff_semidistributed_elev_aspect:river_network/Bow_at_Banff_semidistributed_elev_aspect_riverNetwork_semidistributed.shp,n_features,macos_p3repro,49.000000,native_windows,49.000000,0.000000,OK
domain_Bow_at_Banff_semidistributed_era5:catchment/semidistributed/Bow_at_Banff_semidistributed_era5/Bow_at_Banff_semidistributed_era5_HRUs_GRUs.shp,n_features,macos_p3repro,49.000000,native_windows,49.000000,0.000000,OK
domain_Bow_at_Banff_semidistributed_era5:river_basins/Bow_at_Banff_semidistributed_era5_riverBasins_semidistributed.shp,n_features,macos_p3repro,49.000000,native_windows,49.000000,0.000000,OK
domain_Bow_at_Banff_semidistributed_era5:river_network/Bow_at_Banff_semidistributed_era5_riverNetwork_semidistributed.shp,n_features,macos_p3repro,49.000000,native_windows,49.000000,0.000000,OK
domain_Iceland_coastal:catchment/semidistributed/Iceland_coastal/Iceland_coastal_HRUs_GRUs.shp,n_features,macos_p3repro,2284.000000,native_windows,2284.000000,0.000000,OK
domain_Iceland_coastal:river_basins/Iceland_coastal_riverBasins_semidistributed.shp,n_features,macos_p3repro,1864.000000,native_windows,1864.000000,0.000000,OK
domain_Iceland_coastal:river_basins/Iceland_coastal_riverBasins_with_coastal.shp,n_features,macos_p3repro,2284.000000,native_windows,2284.000000,0.000000,OK
domain_Iceland_coastal:river_network/Iceland_coastal_riverNetwork_semidistributed.shp,n_features,macos_p3repro,1895.000000,native_windows,1895.000000,0.000000,OK
domain_Iceland_coastal_elev:catchment/semidistributed/Iceland_coastal_elev/Iceland_coastal_elev_HRUs_elevation.shp,n_features,macos_p3repro,7185.000000,native_windows,7185.000000,0.000000,OK
domain_Iceland_coastal_elev:river_basins/Iceland_coastal_elev_riverBasins_semidistributed.shp,n_features,macos_p3repro,1864.000000,native_windows,1864.000000,0.000000,OK
domain_Iceland_coastal_elev:river_basins/Iceland_coastal_elev_riverBasins_with_coastal.shp,n_features,macos_p3repro,2284.000000,native_windows,2284.000000,0.000000,OK
domain_Iceland_coastal_elev:river_network/Iceland_coastal_elev_riverNetwork_semidistributed.shp,n_features,macos_p3repro,1895.000000,native_windows,1895.000000,0.000000,OK
domain_Iceland_regional:catchment/semidistributed/Iceland_regional/Iceland_regional_HRUs_GRUs.shp,n_features,macos_p3repro,1894.000000,native_windows,1894.000000,0.000000,OK
domain_Iceland_regional:river_basins/Iceland_regional_riverBasins_semidistributed.shp,n_features,macos_p3repro,1894.000000,native_windows,1894.000000,0.000000,OK
domain_Iceland_regional:river_network/Iceland_regional_riverNetwork_semidistributed.shp,n_features,macos_p3repro,1895.000000,native_windows,1895.000000,0.000000,OK
domain_paradise_snotel_wa_era5:catchment/point/paradise_snotel_wa_era5/paradise_snotel_wa_era5_HRUs_GRUs.shp,n_features,macos_p3repro,1.000000,native_windows,1.000000,0.000000,OK
domain_paradise_snotel_wa_era5:river_basins/paradise_snotel_wa_era5_riverBasins_point.shp,n_features,macos_p3repro,1.000000,native_windows,1.000000,0.000000,OK
run_1@FUSE,KGE,macos_p3repro,0.939322,native_windows,0.940298,0.000976,OK
run_1@GSFLOW,KGE,macos_p3repro,0.863662,native_windows,0.800698,0.062965,DIFF
run_1@HBV,KGE,macos_p3repro,0.891596,native_windows,0.887254,0.004341,OK
run_1@HECHMS,KGE,macos_p3repro,0.854470,native_windows,0.852517,0.001954,OK
run_1@TOPMODEL,KGE,macos_p3repro,0.908749,native_windows,0.953393,0.044644,EXPLAINED
run_1@XINANJIANG,KGE,macos_p3repro,0.931094,native_windows,0.914235,0.016859,OK
bow_exp3_joint@SUMMA,KGE,macos_p3repro,0.840768,wsl,0.851716,0.010948,OK
bow_exp4_moead_joint@SUMMA,KGE,macos_p3repro,0.713845,wsl,0.741312,0.027467,DIFF
cal_ensemble_fuse_abc@FUSE,KGE,macos_p3repro,0.870525,wsl,0.870525,0.000000,OK
cal_ensemble_fuse_basin_hopping@FUSE,KGE,macos_p3repro,0.862520,wsl,0.848325,0.014195,OK
cal_ensemble_fuse_bayesian_opt@FUSE,KGE,macos_p3repro,0.835567,wsl,0.835567,0.000000,OK
cal_ensemble_fuse_cmaes@FUSE,KGE,macos_p3repro,0.909039,wsl,0.908427,0.000612,OK
cal_ensemble_fuse_dds@FUSE,KGE,macos_p3repro,0.909638,wsl,0.909638,0.000000,OK
cal_ensemble_fuse_de@FUSE,KGE,macos_p3repro,0.908488,wsl,0.908488,0.000000,OK
cal_ensemble_fuse_dream@FUSE,KGE,macos_p3repro,0.872713,wsl,0.872713,0.000000,OK
cal_ensemble_fuse_ga@FUSE,KGE,macos_p3repro,0.887208,wsl,0.887208,0.000000,OK
cal_ensemble_fuse_glue@FUSE,KGE,macos_p3repro,0.851469,wsl,0.851469,0.000000,OK
cal_ensemble_fuse_nelder_mead@FUSE,KGE,macos_p3repro,0.894987,wsl,0.895090,0.000103,OK
cal_ensemble_fuse_nsga2@FUSE,KGE,macos_p3repro,0.898192,wsl,0.907447,0.009255,OK
cal_ensemble_fuse_pso@FUSE,KGE,macos_p3repro,0.910320,wsl,0.910320,0.000000,OK
cal_ensemble_fuse_sa@FUSE,KGE,macos_p3repro,0.891930,wsl,0.891930,0.000000,OK
cal_ensemble_fuse_sceua@FUSE,KGE,macos_p3repro,0.890818,wsl,0.890818,0.000000,OK
cal_ensemble_hype_abc@HYPE,KGE,macos_p3repro,0.686033,wsl,0.686033,0.000000,OK
cal_ensemble_hype_basin_hopping@HYPE,KGE,macos_p3repro,0.355703,wsl,0.355705,0.000003,OK
cal_ensemble_hype_bayesian_opt@HYPE,KGE,macos_p3repro,0.474379,wsl,0.474379,0.000000,OK
cal_ensemble_hype_cmaes@HYPE,KGE,macos_p3repro,0.813324,wsl,0.690405,0.122919,EXPLAINED
cal_ensemble_hype_dds@HYPE,KGE,macos_p3repro,0.849389,wsl,0.849389,0.000000,OK
cal_ensemble_hype_de@HYPE,KGE,macos_p3repro,0.806661,wsl,0.806661,0.000000,OK
domain_Bow_at_Banff_distributed:catchment/distributed/Bow_at_Banff_distributed/Bow_at_Banff_distributed_HRUs_GRUs.shp,n_features,macos_p3repro,2332.000000,wsl,2332.000000,0.000000,OK
domain_Bow_at_Banff_distributed:river_basins/Bow_at_Banff_distributed_riverBasins_distributed_1000m.shp,n_features,macos_p3repro,2332.000000,wsl,2332.000000,0.000000,OK
domain_Bow_at_Banff_distributed:river_network/Bow_at_Banff_distributed_riverNetwork_distributed_1000m.shp,n_features,macos_p3repro,2332.000000,wsl,2332.000000,0.000000,OK
domain_Bow_at_Banff_lumped:catchment/lumped/pipeline_bow/Bow_at_Banff_lumped_HRUs_GRUs.shp,n_features,macos_p3repro,1.000000,wsl,1.000000,0.000000,OK
domain_Bow_at_Banff_lumped:river_basins/Bow_at_Banff_lumped_riverBasins_lumped.shp,n_features,macos_p3repro,1.000000,wsl,1.000000,0.000000,OK
domain_Bow_at_Banff_lumped:river_network/Bow_at_Banff_lumped_riverNetwork_lumped.shp,n_features,macos_p3repro,1.000000,wsl,1.000000,0.000000,OK
domain_Bow_at_Banff_lumped_calibration_ensemble:catchment/lumped/cal_ensemble_fuse_abc/Bow_at_Banff_lumped_calibration_ensemble_HRUs_GRUs.shp,n_features,macos_p3repro,1.000000,wsl,1.000000,0.000000,OK
domain_Bow_at_Banff_lumped_calibration_ensemble:catchment/lumped/cal_ensemble_fuse_basin_hopping/Bow_at_Banff_lumped_calibration_ensemble_HRUs_GRUs.shp,n_features,macos_p3repro,1.000000,wsl,1.000000,0.000000,OK
domain_Bow_at_Banff_lumped_calibration_ensemble:catchment/lumped/cal_ensemble_fuse_bayesian_opt/Bow_at_Banff_lumped_calibration_ensemble_HRUs_GRUs.shp,n_features,macos_p3repro,1.000000,wsl,1.000000,0.000000,OK
domain_Bow_at_Banff_lumped_calibration_ensemble:catchment/lumped/cal_ensemble_fuse_cmaes/Bow_at_Banff_lumped_calibration_ensemble_HRUs_GRUs.shp,n_features,macos_p3repro,1.000000,wsl,1.000000,0.000000,OK
domain_Bow_at_Banff_lumped_calibration_ensemble:catchment/lumped/cal_ensemble_fuse_dds/Bow_at_Banff_lumped_calibration_ensemble_HRUs_GRUs.shp,n_features,macos_p3repro,1.000000,wsl,1.000000,0.000000,OK
domain_Bow_at_Banff_lumped_calibration_ensemble:catchment/lumped/cal_ensemble_fuse_de/Bow_at_Banff_lumped_calibration_ensemble_HRUs_GRUs.shp,n_features,macos_p3repro,1.000000,wsl,1.000000,0.000000,OK
domain_Bow_at_Banff_lumped_calibration_ensemble:catchment/lumped/cal_ensemble_fuse_dream/Bow_at_Banff_lumped_calibration_ensemble_HRUs_GRUs.shp,n_features,macos_p3repro,1.000000,wsl,1.000000,0.000000,OK
domain_Bow_at_Banff_lumped_calibration_ensemble:catchment/lumped/cal_ensemble_fuse_ga/Bow_at_Banff_lumped_calibration_ensemble_HRUs_GRUs.shp,n_features,macos_p3repro,1.000000,wsl,1.000000,0.000000,OK
domain_Bow_at_Banff_lumped_calibration_ensemble:catchment/lumped/cal_ensemble_fuse_glue/Bow_at_Banff_lumped_calibration_ensemble_HRUs_GRUs.shp,n_features,macos_p3repro,1.000000,wsl,1.000000,0.000000,OK
domain_Bow_at_Banff_lumped_calibration_ensemble:catchment/lumped/cal_ensemble_fuse_moead/Bow_at_Banff_lumped_calibration_ensemble_HRUs_GRUs.shp,n_features,macos_p3repro,1.000000,wsl,1.000000,0.000000,OK
domain_Bow_at_Banff_lumped_calibration_ensemble:catchment/lumped/cal_ensemble_fuse_nelder_mead/Bow_at_Banff_lumped_calibration_ensemble_HRUs_GRUs.shp,n_features,macos_p3repro,1.000000,wsl,1.000000,0.000000,OK
domain_Bow_at_Banff_lumped_calibration_ensemble:catchment/lumped/cal_ensemble_fuse_nsga2/Bow_at_Banff_lumped_calibration_ensemble_HRUs_GRUs.shp,n_features,macos_p3repro,1.000000,wsl,1.000000,0.000000,OK
domain_Bow_at_Banff_lumped_calibration_ensemble:catchment/lumped/cal_ensemble_fuse_pso/Bow_at_Banff_lumped_calibration_ensemble_HRUs_GRUs.shp,n_features,macos_p3repro,1.000000,wsl,1.000000,0.000000,OK
domain_Bow_at_Banff_lumped_calibration_ensemble:catchment/lumped/cal_ensemble_fuse_sa/Bow_at_Banff_lumped_calibration_ensemble_HRUs_GRUs.shp,n_features,macos_p3repro,1.000000,wsl,1.000000,0.000000,OK
domain_Bow_at_Banff_lumped_calibration_ensemble:catchment/lumped/cal_ensemble_fuse_sceua/Bow_at_Banff_lumped_calibration_ensemble_HRUs_GRUs.shp,n_features,macos_p3repro,1.000000,wsl,1.000000,0.000000,OK
domain_Bow_at_Banff_lumped_calibration_ensemble:catchment/lumped/cal_ensemble_hbv_abc/Bow_at_Banff_lumped_calibration_ensemble_HRUs_GRUs.shp,n_features,macos_p3repro,1.000000,wsl,1.000000,0.000000,OK
domain_Bow_at_Banff_lumped_calibration_ensemble:catchment/lumped/cal_ensemble_hbv_adam/Bow_at_Banff_lumped_calibration_ensemble_HRUs_GRUs.shp,n_features,macos_p3repro,1.000000,wsl,1.000000,0.000000,OK
domain_Bow_at_Banff_lumped_calibration_ensemble:catchment/lumped/cal_ensemble_hbv_basin_hopping/Bow_at_Banff_lumped_calibration_ensemble_HRUs_GRUs.shp,n_features,macos_p3repro,1.000000,wsl,1.000000,0.000000,OK
domain_Bow_at_Banff_lumped_calibration_ensemble:catchment/lumped/cal_ensemble_hbv_bayesian_opt/Bow_at_Banff_lumped_calibration_ensemble_HRUs_GRUs.shp,n_features,macos_p3repro,1.000000,wsl,1.000000,0.000000,OK
domain_Bow_at_Banff_lumped_calibration_ensemble:catchment/lumped/cal_ensemble_hbv_cmaes/Bow_at_Banff_lumped_calibration_ensemble_HRUs_GRUs.shp,n_features,macos_p3repro,1.000000,wsl,1.000000,0.000000,OK
domain_Bow_at_Banff_lumped_calibration_ensemble:catchment/lumped/cal_ensemble_hbv_dds/Bow_at_Banff_lumped_calibration_ensemble_HRUs_GRUs.shp,n_features,macos_p3repro,1.000000,wsl,1.000000,0.000000,OK
domain_Bow_at_Banff_lumped_calibration_ensemble:catchment/lumped/cal_ensemble_hbv_de/Bow_at_Banff_lumped_calibration_ensemble_HRUs_GRUs.shp,n_features,macos_p3repro,1.000000,wsl,1.000000,0.000000,OK
domain_Bow_at_Banff_lumped_calibration_ensemble:catchment/lumped/cal_ensemble_hbv_dream/Bow_at_Banff_lumped_calibration_ensemble_HRUs_GRUs.shp,n_features,macos_p3repro,1.000000,wsl,1.000000,0.000000,OK
domain_Bow_at_Banff_lumped_calibration_ensemble:catchment/lumped/cal_ensemble_hbv_ga/Bow_at_Banff_lumped_calibration_ensemble_HRUs_GRUs.shp,n_features,macos_p3repro,1.000000,wsl,1.000000,0.000000,OK
domain_Bow_at_Banff_lumped_calibration_ensemble:catchment/lumped/cal_ensemble_hbv_glue/Bow_at_Banff_lumped_calibration_ensemble_HRUs_GRUs.shp,n_features,macos_p3repro,1.000000,wsl,1.000000,0.000000,OK
domain_Bow_at_Banff_lumped_calibration_ensemble:catchment/lumped/cal_ensemble_hbv_lbfgs/Bow_at_Banff_lumped_calibration_ensemble_HRUs_GRUs.shp,n_features,macos_p3repro,1.000000,wsl,1.000000,0.000000,OK
domain_Bow_at_Banff_lumped_calibration_ensemble:catchment/lumped/cal_ensemble_hbv_moead/Bow_at_Banff_lumped_calibration_ensemble_HRUs_GRUs.shp,n_features,macos_p3repro,1.000000,wsl,1.000000,0.000000,OK
domain_Bow_at_Banff_lumped_calibration_ensemble:catchment/lumped/cal_ensemble_hbv_nelder_mead/Bow_at_Banff_lumped_calibration_ensemble_HRUs_GRUs.shp,n_features,macos_p3repro,1.000000,wsl,1.000000,0.000000,OK
domain_Bow_at_Banff_lumped_calibration_ensemble:catchment/lumped/cal_ensemble_hbv_nsga2/Bow_at_Banff_lumped_calibration_ensemble_HRUs_GRUs.shp,n_features,macos_p3repro,1.000000,wsl,1.000000,0.000000,OK
domain_Bow_at_Banff_lumped_calibration_ensemble:catchment/lumped/cal_ensemble_hbv_pso/Bow_at_Banff_lumped_calibration_ensemble_HRUs_GRUs.shp,n_features,macos_p3repro,1.000000,wsl,1.000000,0.000000,OK
domain_Bow_at_Banff_lumped_calibration_ensemble:catchment/lumped/cal_ensemble_hbv_sa/Bow_at_Banff_lumped_calibration_ensemble_HRUs_GRUs.shp,n_features,macos_p3repro,1.000000,wsl,1.000000,0.000000,OK
domain_Bow_at_Banff_lumped_calibration_ensemble:catchment/lumped/cal_ensemble_hbv_sceua/Bow_at_Banff_lumped_calibration_ensemble_HRUs_GRUs.shp,n_features,macos_p3repro,1.000000,wsl,1.000000,0.000000,OK
domain_Bow_at_Banff_lumped_calibration_ensemble:catchment/lumped/cal_ensemble_hechms_abc/Bow_at_Banff_lumped_calibration_ensemble_HRUs_GRUs.shp,n_features,macos_p3repro,1.000000,wsl,1.000000,0.000000,OK
domain_Bow_at_Banff_lumped_calibration_ensemble:catchment/lumped/cal_ensemble_hechms_adam/Bow_at_Banff_lumped_calibration_ensemble_HRUs_GRUs.shp,n_features,macos_p3repro,1.000000,wsl,1.000000,0.000000,OK
domain_Bow_at_Banff_lumped_calibration_ensemble:catchment/lumped/cal_ensemble_hechms_basin_hopping/Bow_at_Banff_lumped_calibration_ensemble_HRUs_GRUs.shp,n_features,macos_p3repro,1.000000,wsl,1.000000,0.000000,OK
domain_Bow_at_Banff_lumped_calibration_ensemble:catchment/lumped/cal_ensemble_hechms_bayesian_opt/Bow_at_Banff_lumped_calibration_ensemble_HRUs_GRUs.shp,n_features,macos_p3repro,1.000000,wsl,1.000000,0.000000,OK
domain_Bow_at_Banff_lumped_calibration_ensemble:catchment/lumped/cal_ensemble_hechms_cmaes/Bow_at_Banff_lumped_calibration_ensemble_HRUs_GRUs.shp,n_features,macos_p3repro,1.000000,wsl,1.000000,0.000000,OK
domain_Bow_at_Banff_lumped_calibration_ensemble:catchment/lumped/cal_ensemble_hechms_dds/Bow_at_Banff_lumped_calibration_ensemble_HRUs_GRUs.shp,n_features,macos_p3repro,1.000000,wsl,1.000000,0.000000,OK
domain_Bow_at_Banff_lumped_calibration_ensemble:catchment/lumped/cal_ensemble_hechms_de/Bow_at_Banff_lumped_calibration_ensemble_HRUs_GRUs.shp,n_features,macos_p3repro,1.000000,wsl,1.000000,0.000000,OK
domain_Bow_at_Banff_lumped_calibration_ensemble:catchment/lumped/cal_ensemble_hechms_dream/Bow_at_Banff_lumped_calibration_ensemble_HRUs_GRUs.shp,n_features,macos_p3repro,1.000000,wsl,1.000000,0.000000,OK
domain_Bow_at_Banff_lumped_calibration_ensemble:catchment/lumped/cal_ensemble_hechms_ga/Bow_at_Banff_lumped_calibration_ensemble_HRUs_GRUs.shp,n_features,macos_p3repro,1.000000,wsl,1.000000,0.000000,OK
domain_Bow_at_Banff_lumped_calibration_ensemble:catchment/lumped/cal_ensemble_hechms_glue/Bow_at_Banff_lumped_calibration_ensemble_HRUs_GRUs.shp,n_features,macos_p3repro,1.000000,wsl,1.000000,0.000000,OK
domain_Bow_at_Banff_lumped_calibration_ensemble:catchment/lumped/cal_ensemble_hechms_lbfgs/Bow_at_Banff_lumped_calibration_ensemble_HRUs_GRUs.shp,n_features,macos_p3repro,1.000000,wsl,1.000000,0.000000,OK
domain_Bow_at_Banff_lumped_calibration_ensemble:catchment/lumped/cal_ensemble_hechms_moead/Bow_at_Banff_lumped_calibration_ensemble_HRUs_GRUs.shp,n_features,macos_p3repro,1.000000,wsl,1.000000,0.000000,OK
domain_Bow_at_Banff_lumped_calibration_ensemble:catchment/lumped/cal_ensemble_hechms_nelder_mead/Bow_at_Banff_lumped_calibration_ensemble_HRUs_GRUs.shp,n_features,macos_p3repro,1.000000,wsl,1.000000,0.000000,OK
domain_Bow_at_Banff_lumped_calibration_ensemble:catchment/lumped/cal_ensemble_hechms_nsga2/Bow_at_Banff_lumped_calibration_ensemble_HRUs_GRUs.shp,n_features,macos_p3repro,1.000000,wsl,1.000000,0.000000,OK
domain_Bow_at_Banff_lumped_calibration_ensemble:catchment/lumped/cal_ensemble_hechms_pso/Bow_at_Banff_lumped_calibration_ensemble_HRUs_GRUs.shp,n_features,macos_p3repro,1.000000,wsl,1.000000,0.000000,OK
domain_Bow_at_Banff_lumped_calibration_ensemble:catchment/lumped/cal_ensemble_hechms_sa/Bow_at_Banff_lumped_calibration_ensemble_HRUs_GRUs.shp,n_features,macos_p3repro,1.000000,wsl,1.000000,0.000000,OK
domain_Bow_at_Banff_lumped_calibration_ensemble:catchment/lumped/cal_ensemble_hechms_sceua/Bow_at_Banff_lumped_calibration_ensemble_HRUs_GRUs.shp,n_features,macos_p3repro,1.000000,wsl,1.000000,0.000000,OK
domain_Bow_at_Banff_lumped_calibration_ensemble:catchment/lumped/cal_ensemble_hype_abc/Bow_at_Banff_lumped_calibration_ensemble_HRUs_GRUs.shp,n_features,macos_p3repro,1.000000,wsl,1.000000,0.000000,OK
domain_Bow_at_Banff_lumped_calibration_ensemble:catchment/lumped/cal_ensemble_hype_basin_hopping/Bow_at_Banff_lumped_calibration_ensemble_HRUs_GRUs.shp,n_features,macos_p3repro,1.000000,wsl,1.000000,0.000000,OK
domain_Bow_at_Banff_lumped_calibration_ensemble:catchment/lumped/cal_ensemble_hype_bayesian_opt/Bow_at_Banff_lumped_calibration_ensemble_HRUs_GRUs.shp,n_features,macos_p3repro,1.000000,wsl,1.000000,0.000000,OK
domain_Bow_at_Banff_lumped_calibration_ensemble:catchment/lumped/cal_ensemble_hype_cmaes/Bow_at_Banff_lumped_calibration_ensemble_HRUs_GRUs.shp,n_features,macos_p3repro,1.000000,wsl,1.000000,0.000000,OK
domain_Bow_at_Banff_lumped_calibration_ensemble:catchment/lumped/cal_ensemble_hype_dds/Bow_at_Banff_lumped_calibration_ensemble_HRUs_GRUs.shp,n_features,macos_p3repro,1.000000,wsl,1.000000,0.000000,OK
domain_Bow_at_Banff_lumped_calibration_ensemble:catchment/lumped/cal_ensemble_hype_de/Bow_at_Banff_lumped_calibration_ensemble_HRUs_GRUs.shp,n_features,macos_p3repro,1.000000,wsl,1.000000,0.000000,OK
domain_Bow_at_Banff_lumped_calibration_ensemble:catchment/lumped/cal_ensemble_hype_dream/Bow_at_Banff_lumped_calibration_ensemble_HRUs_GRUs.shp,n_features,macos_p3repro,1.000000,wsl,1.000000,0.000000,OK
domain_Bow_at_Banff_lumped_calibration_ensemble:river_basins/Bow_at_Banff_lumped_calibration_ensemble_riverBasins_lumped.shp,n_features,macos_p3repro,1.000000,wsl,1.000000,0.000000,OK
domain_Bow_at_Banff_lumped_calibration_ensemble:river_network/Bow_at_Banff_lumped_calibration_ensemble_riverNetwork_lumped.shp,n_features,macos_p3repro,1.000000,wsl,1.000000,0.000000,OK
domain_Bow_at_Banff_lumped_elev_aspect:catchment/lumped/Bow_at_Banff_lumped_elev_aspect/Bow_at_Banff_lumped_elev_aspect_HRUs_elevation_aspect.shp,n_features,macos_p3repro,88.000000,wsl,88.000000,0.000000,OK
domain_Bow_at_Banff_lumped_elev_aspect:river_basins/Bow_at_Banff_lumped_elev_aspect_riverBasins_lumped.shp,n_features,macos_p3repro,1.000000,wsl,1.000000,0.000000,OK
domain_Bow_at_Banff_lumped_elev_aspect:river_network/Bow_at_Banff_lumped_elev_aspect_riverNetwork_lumped.shp,n_features,macos_p3repro,1.000000,wsl,1.000000,0.000000,OK
domain_Bow_at_Banff_lumped_elev_bands:catchment/lumped/Bow_at_Banff_lumped_elev_bands/Bow_at_Banff_lumped_elev_bands_HRUs_elevation.shp,n_features,macos_p3repro,12.000000,wsl,12.000000,0.000000,OK
domain_Bow_at_Banff_lumped_elev_bands:river_basins/Bow_at_Banff_lumped_elev_bands_riverBasins_lumped.shp,n_features,macos_p3repro,1.000000,wsl,1.000000,0.000000,OK
domain_Bow_at_Banff_lumped_elev_bands:river_network/Bow_at_Banff_lumped_elev_bands_riverNetwork_lumped.shp,n_features,macos_p3repro,1.000000,wsl,1.000000,0.000000,OK
domain_Bow_at_Banff_lumped_elev_sd_routing:catchment/lumped/Bow_at_Banff_lumped_elev_sd_routing/Bow_at_Banff_lumped_elev_sd_routing_HRUs_elevation.shp,n_features,macos_p3repro,12.000000,wsl,12.000000,0.000000,OK
domain_Bow_at_Banff_lumped_elev_sd_routing:catchment/lumped/Bow_at_Banff_lumped_elev_sd_routing/Bow_at_Banff_lumped_elev_sd_routing_catchment_delineated.shp,n_features,macos_p3repro,49.000000,wsl,49.000000,0.000000,OK
domain_Bow_at_Banff_lumped_elev_sd_routing:river_basins/Bow_at_Banff_lumped_elev_sd_routing_riverBasins_delineate.shp,n_features,macos_p3repro,49.000000,wsl,49.000000,0.000000,OK
domain_Bow_at_Banff_lumped_elev_sd_routing:river_basins/Bow_at_Banff_lumped_elev_sd_routing_riverBasins_lumped.shp,n_features,macos_p3repro,1.000000,wsl,1.000000,0.000000,OK
domain_Bow_at_Banff_lumped_elev_sd_routing:river_network/Bow_at_Banff_lumped_elev_sd_routing_riverNetwork_delineate.shp,n_features,macos_p3repro,49.000000,wsl,49.000000,0.000000,OK
domain_Bow_at_Banff_lumped_elev_sd_routing:river_network/Bow_at_Banff_lumped_elev_sd_routing_riverNetwork_lumped.shp,n_features,macos_p3repro,1.000000,wsl,1.000000,0.000000,OK
domain_Bow_at_Banff_lumped_era5:catchment/lumped/Bow_at_Banff_lumped_era5/Bow_at_Banff_lumped_era5_HRUs_GRUs.shp,n_features,macos_p3repro,1.000000,wsl,1.000000,0.000000,OK
domain_Bow_at_Banff_lumped_era5:catchment/lumped/benchmark/Bow_at_Banff_lumped_era5_HRUs_GRUs.shp,n_features,macos_p3repro,1.000000,wsl,1.000000,0.000000,OK
domain_Bow_at_Banff_lumped_era5:catchment/lumped/run_1/Bow_at_Banff_lumped_era5_HRUs_GRUs.shp,n_features,macos_p3repro,1.000000,wsl,1.000000,0.000000,OK
domain_Bow_at_Banff_lumped_era5:river_basins/Bow_at_Banff_lumped_era5_riverBasins_lumped.shp,n_features,macos_p3repro,1.000000,wsl,1.000000,0.000000,OK
domain_Bow_at_Banff_lumped_era5:river_network/Bow_at_Banff_lumped_era5_riverNetwork_lumped.shp,n_features,macos_p3repro,1.000000,wsl,1.000000,0.000000,OK
domain_Bow_at_Banff_lumped_land_classes:catchment/lumped/Bow_at_Banff_lumped_land_classes/Bow_at_Banff_lumped_land_classes_HRUs_landclass.shp,n_features,macos_p3repro,9.000000,wsl,9.000000,0.000000,OK
domain_Bow_at_Banff_lumped_land_classes:river_basins/Bow_at_Banff_lumped_land_classes_riverBasins_lumped.shp,n_features,macos_p3repro,1.000000,wsl,1.000000,0.000000,OK
domain_Bow_at_Banff_lumped_land_classes:river_network/Bow_at_Banff_lumped_land_classes_riverNetwork_lumped.shp,n_features,macos_p3repro,1.000000,wsl,1.000000,0.000000,OK
domain_Bow_at_Banff_lumped_sd_routing:catchment/lumped/Bow_at_Banff_lumped_sd_routing/Bow_at_Banff_lumped_sd_routing_HRUs_GRUs.shp,n_features,macos_p3repro,1.000000,wsl,1.000000,0.000000,OK
domain_Bow_at_Banff_lumped_sd_routing:catchment/lumped/Bow_at_Banff_lumped_sd_routing/Bow_at_Banff_lumped_sd_routing_catchment_delineated.shp,n_features,macos_p3repro,49.000000,wsl,49.000000,0.000000,OK
domain_Bow_at_Banff_lumped_sd_routing:river_basins/Bow_at_Banff_lumped_sd_routing_riverBasins_delineate.shp,n_features,macos_p3repro,49.000000,wsl,49.000000,0.000000,OK
domain_Bow_at_Banff_lumped_sd_routing:river_basins/Bow_at_Banff_lumped_sd_routing_riverBasins_lumped.shp,n_features,macos_p3repro,1.000000,wsl,1.000000,0.000000,OK
domain_Bow_at_Banff_lumped_sd_routing:river_network/Bow_at_Banff_lumped_sd_routing_riverNetwork_delineate.shp,n_features,macos_p3repro,49.000000,wsl,49.000000,0.000000,OK
domain_Bow_at_Banff_lumped_sd_routing:river_network/Bow_at_Banff_lumped_sd_routing_riverNetwork_lumped.shp,n_features,macos_p3repro,1.000000,wsl,1.000000,0.000000,OK
domain_Bow_at_Banff_multivar:catchment/lumped/bow_exp1_streamflow_only/Bow_at_Banff_multivar_HRUs_GRUs.shp,n_features,macos_p3repro,1.000000,wsl,1.000000,0.000000,OK
domain_Bow_at_Banff_multivar:catchment/lumped/bow_exp3_joint/Bow_at_Banff_multivar_HRUs_GRUs.shp,n_features,macos_p3repro,1.000000,wsl,1.000000,0.000000,OK
domain_Bow_at_Banff_multivar:catchment/lumped/bow_exp4_moead_joint/Bow_at_Banff_multivar_HRUs_GRUs.shp,n_features,macos_p3repro,1.000000,wsl,1.000000,0.000000,OK
domain_Bow_at_Banff_multivar:river_basins/Bow_at_Banff_multivar_riverBasins_lumped.shp,n_features,macos_p3repro,1.000000,wsl,1.000000,0.000000,OK
domain_Bow_at_Banff_multivar:river_network/Bow_at_Banff_multivar_riverNetwork_lumped.shp,n_features,macos_p3repro,1.000000,wsl,1.000000,0.000000,OK
domain_Bow_at_Banff_semidistributed_elev:catchment/semidistributed/Bow_at_Banff_semidistributed_elev/Bow_at_Banff_semidistributed_elev_HRUs_elevation.shp,n_features,macos_p3repro,363.000000,wsl,363.000000,0.000000,OK
domain_Bow_at_Banff_semidistributed_elev:river_basins/Bow_at_Banff_semidistributed_elev_riverBasins_semidistributed.shp,n_features,macos_p3repro,49.000000,wsl,49.000000,0.000000,OK
domain_Bow_at_Banff_semidistributed_elev:river_network/Bow_at_Banff_semidistributed_elev_riverNetwork_semidistributed.shp,n_features,macos_p3repro,49.000000,wsl,49.000000,0.000000,OK
domain_Bow_at_Banff_semidistributed_elev_aspect:catchment/semidistributed/Bow_at_Banff_semidistributed_elev_aspect/Bow_at_Banff_semidistributed_elev_aspect_HRUs_elevation_aspect.shp,n_features,macos_p3repro,2409.000000,wsl,2409.000000,0.000000,OK
domain_Bow_at_Banff_semidistributed_elev_aspect:river_basins/Bow_at_Banff_semidistributed_elev_aspect_riverBasins_semidistributed.shp,n_features,macos_p3repro,49.000000,wsl,49.000000,0.000000,OK
domain_Bow_at_Banff_semidistributed_elev_aspect:river_network/Bow_at_Banff_semidistributed_elev_aspect_riverNetwork_semidistributed.shp,n_features,macos_p3repro,49.000000,wsl,49.000000,0.000000,OK
domain_Bow_at_Banff_semidistributed_era5:catchment/semidistributed/Bow_at_Banff_semidistributed_era5/Bow_at_Banff_semidistributed_era5_HRUs_GRUs.shp,n_features,macos_p3repro,49.000000,wsl,49.000000,0.000000,OK
domain_Bow_at_Banff_semidistributed_era5:river_basins/Bow_at_Banff_semidistributed_era5_riverBasins_semidistributed.shp,n_features,macos_p3repro,49.000000,wsl,49.000000,0.000000,OK
domain_Bow_at_Banff_semidistributed_era5:river_network/Bow_at_Banff_semidistributed_era5_riverNetwork_semidistributed.shp,n_features,macos_p3repro,49.000000,wsl,49.000000,0.000000,OK
domain_Iceland_coastal:catchment/semidistributed/Iceland_coastal/Iceland_coastal_HRUs_GRUs.shp,n_features,macos_p3repro,2284.000000,wsl,2284.000000,0.000000,OK
domain_Iceland_coastal:river_basins/Iceland_coastal_riverBasins_semidistributed.shp,n_features,macos_p3repro,1864.000000,wsl,1864.000000,0.000000,OK
domain_Iceland_coastal:river_basins/Iceland_coastal_riverBasins_with_coastal.shp,n_features,macos_p3repro,2284.000000,wsl,2284.000000,0.000000,OK
domain_Iceland_coastal:river_network/Iceland_coastal_riverNetwork_semidistributed.shp,n_features,macos_p3repro,1895.000000,wsl,1895.000000,0.000000,OK
domain_Iceland_coastal_elev:catchment/semidistributed/Iceland_coastal_elev/Iceland_coastal_elev_HRUs_elevation.shp,n_features,macos_p3repro,7185.000000,wsl,7185.000000,0.000000,OK
domain_Iceland_coastal_elev:river_basins/Iceland_coastal_elev_riverBasins_semidistributed.shp,n_features,macos_p3repro,1864.000000,wsl,1864.000000,0.000000,OK
domain_Iceland_coastal_elev:river_basins/Iceland_coastal_elev_riverBasins_with_coastal.shp,n_features,macos_p3repro,2284.000000,wsl,2284.000000,0.000000,OK
domain_Iceland_coastal_elev:river_network/Iceland_coastal_elev_riverNetwork_semidistributed.shp,n_features,macos_p3repro,1895.000000,wsl,1895.000000,0.000000,OK
domain_Iceland_regional:catchment/semidistributed/Iceland_regional/Iceland_regional_HRUs_GRUs.shp,n_features,macos_p3repro,1894.000000,wsl,1894.000000,0.000000,OK
domain_Iceland_regional:river_basins/Iceland_regional_riverBasins_semidistributed.shp,n_features,macos_p3repro,1894.000000,wsl,1894.000000,0.000000,OK
domain_Iceland_regional:river_network/Iceland_regional_riverNetwork_semidistributed.shp,n_features,macos_p3repro,1895.000000,wsl,1895.000000,0.000000,OK
domain_paradise_snotel_wa:catchment/point/forcing_ensemble_aorc/paradise_snotel_wa_HRUs_GRUs.shp,n_features,macos_p3repro,1.000000,wsl,1.000000,0.000000,OK
domain_paradise_snotel_wa:catchment/point/forcing_ensemble_conus404/paradise_snotel_wa_HRUs_GRUs.shp,n_features,macos_p3repro,1.000000,wsl,1.000000,0.000000,OK
domain_paradise_snotel_wa:catchment/point/forcing_ensemble_era5/paradise_snotel_wa_HRUs_GRUs.shp,n_features,macos_p3repro,1.000000,wsl,1.000000,0.000000,OK
domain_paradise_snotel_wa:catchment/point/forcing_ensemble_rdrs/paradise_snotel_wa_HRUs_GRUs.shp,n_features,macos_p3repro,1.000000,wsl,1.000000,0.000000,OK
domain_paradise_snotel_wa:river_basins/paradise_snotel_wa_riverBasins_point.shp,n_features,macos_p3repro,1.000000,wsl,1.000000,0.000000,OK
domain_paradise_snotel_wa_era5:catchment/point/paradise_snotel_wa_era5/paradise_snotel_wa_era5_HRUs_GRUs.shp,n_features,macos_p3repro,1.000000,wsl,1.000000,0.000000,OK
domain_paradise_snotel_wa_era5:river_basins/paradise_snotel_wa_era5_riverBasins_point.shp,n_features,macos_p3repro,1.000000,wsl,1.000000,0.000000,OK
forcing_ensemble_aorc@SUMMA,RMSE,macos_p3repro,-386.547263,wsl,-386.303051,0.244212,OK
forcing_ensemble_conus404@SUMMA,RMSE,macos_p3repro,-305.397508,wsl,-306.164913,0.767405,OK
forcing_ensemble_rdrs@SUMMA,RMSE,macos_p3repro,-202.854354,wsl,-211.913747,9.059394,DIFF
run_1@CRHM,KGE,macos_p3repro,0.930446,wsl,0.929350,0.001096,OK
run_1@FUSE,KGE,macos_p3repro,0.939322,wsl,0.940298,0.000976,OK
run_1@GSFLOW,KGE,macos_p3repro,0.863662,wsl,0.800698,0.062965,DIFF
run_1@HBV,KGE,macos_p3repro,0.891596,wsl,0.887254,0.004341,OK
run_1@HECHMS,KGE,macos_p3repro,0.854470,wsl,0.852517,0.001954,OK
run_1@SACSMA,KGE,macos_p3repro,0.886959,wsl,0.881684,0.005275,OK
run_1@SUMMA,KGE,macos_p3repro,0.893597,wsl,0.791400,0.102197,EXPLAINED
run_1@SWAT,KGE,macos_p3repro,0.792790,wsl,0.781713,0.011077,OK
run_1@TOPMODEL,KGE,macos_p3repro,0.908749,wsl,0.953393,0.044644,EXPLAINED
run_1@XINANJIANG,KGE,macos_p3repro,0.931094,wsl,0.914235,0.016859,OK
domain_Bow_at_Banff_distributed:catchment/distributed/Bow_at_Banff_distributed/Bow_at_Banff_distributed_HRUs_GRUs.shp,n_features,native_windows,2332.000000,wsl,2332.000000,0.000000,OK
domain_Bow_at_Banff_distributed:river_basins/Bow_at_Banff_distributed_riverBasins_distributed_1000m.shp,n_features,native_windows,2332.000000,wsl,2332.000000,0.000000,OK
domain_Bow_at_Banff_distributed:river_network/Bow_at_Banff_distributed_riverNetwork_distributed_1000m.shp,n_features,native_windows,2332.000000,wsl,2332.000000,0.000000,OK
domain_Bow_at_Banff_lumped:catchment/lumped/pipeline_bow/Bow_at_Banff_lumped_HRUs_GRUs.shp,n_features,native_windows,1.000000,wsl,1.000000,0.000000,OK
domain_Bow_at_Banff_lumped:river_basins/Bow_at_Banff_lumped_riverBasins_lumped.shp,n_features,native_windows,1.000000,wsl,1.000000,0.000000,OK
domain_Bow_at_Banff_lumped:river_network/Bow_at_Banff_lumped_riverNetwork_lumped.shp,n_features,native_windows,1.000000,wsl,1.000000,0.000000,OK
domain_Bow_at_Banff_lumped_calibration_ensemble:catchment/lumped/cal_ensemble_fuse_abc/Bow_at_Banff_lumped_calibration_ensemble_HRUs_GRUs.shp,n_features,native_windows,1.000000,wsl,1.000000,0.000000,OK
domain_Bow_at_Banff_lumped_calibration_ensemble:catchment/lumped/cal_ensemble_hbv_abc/Bow_at_Banff_lumped_calibration_ensemble_HRUs_GRUs.shp,n_features,native_windows,1.000000,wsl,1.000000,0.000000,OK
domain_Bow_at_Banff_lumped_calibration_ensemble:catchment/lumped/cal_ensemble_hbv_adam/Bow_at_Banff_lumped_calibration_ensemble_HRUs_GRUs.shp,n_features,native_windows,1.000000,wsl,1.000000,0.000000,OK
domain_Bow_at_Banff_lumped_calibration_ensemble:catchment/lumped/cal_ensemble_hbv_basin_hopping/Bow_at_Banff_lumped_calibration_ensemble_HRUs_GRUs.shp,n_features,native_windows,1.000000,wsl,1.000000,0.000000,OK
domain_Bow_at_Banff_lumped_calibration_ensemble:catchment/lumped/cal_ensemble_hbv_bayesian_opt/Bow_at_Banff_lumped_calibration_ensemble_HRUs_GRUs.shp,n_features,native_windows,1.000000,wsl,1.000000,0.000000,OK
domain_Bow_at_Banff_lumped_calibration_ensemble:catchment/lumped/cal_ensemble_hbv_cmaes/Bow_at_Banff_lumped_calibration_ensemble_HRUs_GRUs.shp,n_features,native_windows,1.000000,wsl,1.000000,0.000000,OK
domain_Bow_at_Banff_lumped_calibration_ensemble:catchment/lumped/cal_ensemble_hbv_dds/Bow_at_Banff_lumped_calibration_ensemble_HRUs_GRUs.shp,n_features,native_windows,1.000000,wsl,1.000000,0.000000,OK
domain_Bow_at_Banff_lumped_calibration_ensemble:catchment/lumped/cal_ensemble_hbv_de/Bow_at_Banff_lumped_calibration_ensemble_HRUs_GRUs.shp,n_features,native_windows,1.000000,wsl,1.000000,0.000000,OK
domain_Bow_at_Banff_lumped_calibration_ensemble:catchment/lumped/cal_ensemble_hbv_dream/Bow_at_Banff_lumped_calibration_ensemble_HRUs_GRUs.shp,n_features,native_windows,1.000000,wsl,1.000000,0.000000,OK
domain_Bow_at_Banff_lumped_calibration_ensemble:catchment/lumped/cal_ensemble_hbv_ga/Bow_at_Banff_lumped_calibration_ensemble_HRUs_GRUs.shp,n_features,native_windows,1.000000,wsl,1.000000,0.000000,OK
domain_Bow_at_Banff_lumped_calibration_ensemble:catchment/lumped/cal_ensemble_hbv_glue/Bow_at_Banff_lumped_calibration_ensemble_HRUs_GRUs.shp,n_features,native_windows,1.000000,wsl,1.000000,0.000000,OK
domain_Bow_at_Banff_lumped_calibration_ensemble:catchment/lumped/cal_ensemble_hbv_lbfgs/Bow_at_Banff_lumped_calibration_ensemble_HRUs_GRUs.shp,n_features,native_windows,1.000000,wsl,1.000000,0.000000,OK
domain_Bow_at_Banff_lumped_calibration_ensemble:catchment/lumped/cal_ensemble_hbv_moead/Bow_at_Banff_lumped_calibration_ensemble_HRUs_GRUs.shp,n_features,native_windows,1.000000,wsl,1.000000,0.000000,OK
domain_Bow_at_Banff_lumped_calibration_ensemble:catchment/lumped/cal_ensemble_hbv_nelder_mead/Bow_at_Banff_lumped_calibration_ensemble_HRUs_GRUs.shp,n_features,native_windows,1.000000,wsl,1.000000,0.000000,OK
domain_Bow_at_Banff_lumped_calibration_ensemble:catchment/lumped/cal_ensemble_hbv_nsga2/Bow_at_Banff_lumped_calibration_ensemble_HRUs_GRUs.shp,n_features,native_windows,1.000000,wsl,1.000000,0.000000,OK
domain_Bow_at_Banff_lumped_calibration_ensemble:catchment/lumped/cal_ensemble_hbv_pso/Bow_at_Banff_lumped_calibration_ensemble_HRUs_GRUs.shp,n_features,native_windows,1.000000,wsl,1.000000,0.000000,OK
domain_Bow_at_Banff_lumped_calibration_ensemble:catchment/lumped/cal_ensemble_hbv_sa/Bow_at_Banff_lumped_calibration_ensemble_HRUs_GRUs.shp,n_features,native_windows,1.000000,wsl,1.000000,0.000000,OK
domain_Bow_at_Banff_lumped_calibration_ensemble:catchment/lumped/cal_ensemble_hbv_sceua/Bow_at_Banff_lumped_calibration_ensemble_HRUs_GRUs.shp,n_features,native_windows,1.000000,wsl,1.000000,0.000000,OK
domain_Bow_at_Banff_lumped_calibration_ensemble:catchment/lumped/cal_ensemble_hechms_abc/Bow_at_Banff_lumped_calibration_ensemble_HRUs_GRUs.shp,n_features,native_windows,1.000000,wsl,1.000000,0.000000,OK
domain_Bow_at_Banff_lumped_calibration_ensemble:catchment/lumped/cal_ensemble_hechms_adam/Bow_at_Banff_lumped_calibration_ensemble_HRUs_GRUs.shp,n_features,native_windows,1.000000,wsl,1.000000,0.000000,OK
domain_Bow_at_Banff_lumped_calibration_ensemble:catchment/lumped/cal_ensemble_hechms_basin_hopping/Bow_at_Banff_lumped_calibration_ensemble_HRUs_GRUs.shp,n_features,native_windows,1.000000,wsl,1.000000,0.000000,OK
domain_Bow_at_Banff_lumped_calibration_ensemble:catchment/lumped/cal_ensemble_hechms_bayesian_opt/Bow_at_Banff_lumped_calibration_ensemble_HRUs_GRUs.shp,n_features,native_windows,1.000000,wsl,1.000000,0.000000,OK
domain_Bow_at_Banff_lumped_calibration_ensemble:catchment/lumped/cal_ensemble_hechms_cmaes/Bow_at_Banff_lumped_calibration_ensemble_HRUs_GRUs.shp,n_features,native_windows,1.000000,wsl,1.000000,0.000000,OK
domain_Bow_at_Banff_lumped_calibration_ensemble:catchment/lumped/cal_ensemble_hechms_dds/Bow_at_Banff_lumped_calibration_ensemble_HRUs_GRUs.shp,n_features,native_windows,1.000000,wsl,1.000000,0.000000,OK
domain_Bow_at_Banff_lumped_calibration_ensemble:catchment/lumped/cal_ensemble_hechms_de/Bow_at_Banff_lumped_calibration_ensemble_HRUs_GRUs.shp,n_features,native_windows,1.000000,wsl,1.000000,0.000000,OK
domain_Bow_at_Banff_lumped_calibration_ensemble:catchment/lumped/cal_ensemble_hechms_dream/Bow_at_Banff_lumped_calibration_ensemble_HRUs_GRUs.shp,n_features,native_windows,1.000000,wsl,1.000000,0.000000,OK
domain_Bow_at_Banff_lumped_calibration_ensemble:catchment/lumped/cal_ensemble_hechms_ga/Bow_at_Banff_lumped_calibration_ensemble_HRUs_GRUs.shp,n_features,native_windows,1.000000,wsl,1.000000,0.000000,OK
domain_Bow_at_Banff_lumped_calibration_ensemble:catchment/lumped/cal_ensemble_hechms_glue/Bow_at_Banff_lumped_calibration_ensemble_HRUs_GRUs.shp,n_features,native_windows,1.000000,wsl,1.000000,0.000000,OK
domain_Bow_at_Banff_lumped_calibration_ensemble:catchment/lumped/cal_ensemble_hechms_lbfgs/Bow_at_Banff_lumped_calibration_ensemble_HRUs_GRUs.shp,n_features,native_windows,1.000000,wsl,1.000000,0.000000,OK
domain_Bow_at_Banff_lumped_calibration_ensemble:catchment/lumped/cal_ensemble_hechms_moead/Bow_at_Banff_lumped_calibration_ensemble_HRUs_GRUs.shp,n_features,native_windows,1.000000,wsl,1.000000,0.000000,OK
domain_Bow_at_Banff_lumped_calibration_ensemble:catchment/lumped/cal_ensemble_hechms_nelder_mead/Bow_at_Banff_lumped_calibration_ensemble_HRUs_GRUs.shp,n_features,native_windows,1.000000,wsl,1.000000,0.000000,OK
domain_Bow_at_Banff_lumped_calibration_ensemble:catchment/lumped/cal_ensemble_hechms_nsga2/Bow_at_Banff_lumped_calibration_ensemble_HRUs_GRUs.shp,n_features,native_windows,1.000000,wsl,1.000000,0.000000,OK
domain_Bow_at_Banff_lumped_calibration_ensemble:catchment/lumped/cal_ensemble_hechms_pso/Bow_at_Banff_lumped_calibration_ensemble_HRUs_GRUs.shp,n_features,native_windows,1.000000,wsl,1.000000,0.000000,OK
domain_Bow_at_Banff_lumped_calibration_ensemble:catchment/lumped/cal_ensemble_hechms_sa/Bow_at_Banff_lumped_calibration_ensemble_HRUs_GRUs.shp,n_features,native_windows,1.000000,wsl,1.000000,0.000000,OK
domain_Bow_at_Banff_lumped_calibration_ensemble:catchment/lumped/cal_ensemble_hechms_sceua/Bow_at_Banff_lumped_calibration_ensemble_HRUs_GRUs.shp,n_features,native_windows,1.000000,wsl,1.000000,0.000000,OK
domain_Bow_at_Banff_lumped_calibration_ensemble:catchment/lumped/cal_ensemble_hype_abc/Bow_at_Banff_lumped_calibration_ensemble_HRUs_GRUs.shp,n_features,native_windows,1.000000,wsl,1.000000,0.000000,OK
domain_Bow_at_Banff_lumped_calibration_ensemble:catchment/lumped/cal_ensemble_hype_basin_hopping/Bow_at_Banff_lumped_calibration_ensemble_HRUs_GRUs.shp,n_features,native_windows,1.000000,wsl,1.000000,0.000000,OK
domain_Bow_at_Banff_lumped_calibration_ensemble:catchment/lumped/cal_ensemble_hype_bayesian_opt/Bow_at_Banff_lumped_calibration_ensemble_HRUs_GRUs.shp,n_features,native_windows,1.000000,wsl,1.000000,0.000000,OK
domain_Bow_at_Banff_lumped_calibration_ensemble:catchment/lumped/cal_ensemble_hype_cmaes/Bow_at_Banff_lumped_calibration_ensemble_HRUs_GRUs.shp,n_features,native_windows,1.000000,wsl,1.000000,0.000000,OK
domain_Bow_at_Banff_lumped_calibration_ensemble:catchment/lumped/cal_ensemble_hype_dds/Bow_at_Banff_lumped_calibration_ensemble_HRUs_GRUs.shp,n_features,native_windows,1.000000,wsl,1.000000,0.000000,OK
domain_Bow_at_Banff_lumped_calibration_ensemble:catchment/lumped/cal_ensemble_hype_de/Bow_at_Banff_lumped_calibration_ensemble_HRUs_GRUs.shp,n_features,native_windows,1.000000,wsl,1.000000,0.000000,OK
domain_Bow_at_Banff_lumped_calibration_ensemble:catchment/lumped/cal_ensemble_hype_dream/Bow_at_Banff_lumped_calibration_ensemble_HRUs_GRUs.shp,n_features,native_windows,1.000000,wsl,1.000000,0.000000,OK
domain_Bow_at_Banff_lumped_calibration_ensemble:river_basins/Bow_at_Banff_lumped_calibration_ensemble_riverBasins_lumped.shp,n_features,native_windows,1.000000,wsl,1.000000,0.000000,OK
domain_Bow_at_Banff_lumped_calibration_ensemble:river_network/Bow_at_Banff_lumped_calibration_ensemble_riverNetwork_lumped.shp,n_features,native_windows,1.000000,wsl,1.000000,0.000000,OK
domain_Bow_at_Banff_lumped_elev_aspect:catchment/lumped/Bow_at_Banff_lumped_elev_aspect/Bow_at_Banff_lumped_elev_aspect_HRUs_elevation_aspect.shp,n_features,native_windows,88.000000,wsl,88.000000,0.000000,OK
domain_Bow_at_Banff_lumped_elev_aspect:river_basins/Bow_at_Banff_lumped_elev_aspect_riverBasins_lumped.shp,n_features,native_windows,1.000000,wsl,1.000000,0.000000,OK
domain_Bow_at_Banff_lumped_elev_aspect:river_network/Bow_at_Banff_lumped_elev_aspect_riverNetwork_lumped.shp,n_features,native_windows,1.000000,wsl,1.000000,0.000000,OK
domain_Bow_at_Banff_lumped_elev_bands:catchment/lumped/Bow_at_Banff_lumped_elev_bands/Bow_at_Banff_lumped_elev_bands_HRUs_elevation.shp,n_features,native_windows,12.000000,wsl,12.000000,0.000000,OK
domain_Bow_at_Banff_lumped_elev_bands:river_basins/Bow_at_Banff_lumped_elev_bands_riverBasins_lumped.shp,n_features,native_windows,1.000000,wsl,1.000000,0.000000,OK
domain_Bow_at_Banff_lumped_elev_bands:river_network/Bow_at_Banff_lumped_elev_bands_riverNetwork_lumped.shp,n_features,native_windows,1.000000,wsl,1.000000,0.000000,OK
domain_Bow_at_Banff_lumped_elev_sd_routing:catchment/lumped/Bow_at_Banff_lumped_elev_sd_routing/Bow_at_Banff_lumped_elev_sd_routing_HRUs_elevation.shp,n_features,native_windows,12.000000,wsl,12.000000,0.000000,OK
domain_Bow_at_Banff_lumped_elev_sd_routing:catchment/lumped/Bow_at_Banff_lumped_elev_sd_routing/Bow_at_Banff_lumped_elev_sd_routing_catchment_delineated.shp,n_features,native_windows,49.000000,wsl,49.000000,0.000000,OK
domain_Bow_at_Banff_lumped_elev_sd_routing:river_basins/Bow_at_Banff_lumped_elev_sd_routing_riverBasins_delineate.shp,n_features,native_windows,49.000000,wsl,49.000000,0.000000,OK
domain_Bow_at_Banff_lumped_elev_sd_routing:river_basins/Bow_at_Banff_lumped_elev_sd_routing_riverBasins_lumped.shp,n_features,native_windows,1.000000,wsl,1.000000,0.000000,OK
domain_Bow_at_Banff_lumped_elev_sd_routing:river_network/Bow_at_Banff_lumped_elev_sd_routing_riverNetwork_delineate.shp,n_features,native_windows,49.000000,wsl,49.000000,0.000000,OK
domain_Bow_at_Banff_lumped_elev_sd_routing:river_network/Bow_at_Banff_lumped_elev_sd_routing_riverNetwork_lumped.shp,n_features,native_windows,1.000000,wsl,1.000000,0.000000,OK
domain_Bow_at_Banff_lumped_era5:catchment/lumped/Bow_at_Banff_lumped_era5/Bow_at_Banff_lumped_era5_HRUs_GRUs.shp,n_features,native_windows,1.000000,wsl,1.000000,0.000000,OK
domain_Bow_at_Banff_lumped_era5:catchment/lumped/run_1/Bow_at_Banff_lumped_era5_HRUs_GRUs.shp,n_features,native_windows,1.000000,wsl,1.000000,0.000000,OK
domain_Bow_at_Banff_lumped_era5:river_basins/Bow_at_Banff_lumped_era5_riverBasins_lumped.shp,n_features,native_windows,1.000000,wsl,1.000000,0.000000,OK
domain_Bow_at_Banff_lumped_era5:river_network/Bow_at_Banff_lumped_era5_riverNetwork_lumped.shp,n_features,native_windows,1.000000,wsl,1.000000,0.000000,OK
domain_Bow_at_Banff_lumped_land_classes:catchment/lumped/Bow_at_Banff_lumped_land_classes/Bow_at_Banff_lumped_land_classes_HRUs_landclass.shp,n_features,native_windows,9.000000,wsl,9.000000,0.000000,OK
domain_Bow_at_Banff_lumped_land_classes:river_basins/Bow_at_Banff_lumped_land_classes_riverBasins_lumped.shp,n_features,native_windows,1.000000,wsl,1.000000,0.000000,OK
domain_Bow_at_Banff_lumped_land_classes:river_network/Bow_at_Banff_lumped_land_classes_riverNetwork_lumped.shp,n_features,native_windows,1.000000,wsl,1.000000,0.000000,OK
domain_Bow_at_Banff_lumped_sd_routing:catchment/lumped/Bow_at_Banff_lumped_sd_routing/Bow_at_Banff_lumped_sd_routing_HRUs_GRUs.shp,n_features,native_windows,1.000000,wsl,1.000000,0.000000,OK
domain_Bow_at_Banff_lumped_sd_routing:catchment/lumped/Bow_at_Banff_lumped_sd_routing/Bow_at_Banff_lumped_sd_routing_catchment_delineated.shp,n_features,native_windows,49.000000,wsl,49.000000,0.000000,OK
domain_Bow_at_Banff_lumped_sd_routing:river_basins/Bow_at_Banff_lumped_sd_routing_riverBasins_delineate.shp,n_features,native_windows,49.000000,wsl,49.000000,0.000000,OK
domain_Bow_at_Banff_lumped_sd_routing:river_basins/Bow_at_Banff_lumped_sd_routing_riverBasins_lumped.shp,n_features,native_windows,1.000000,wsl,1.000000,0.000000,OK
domain_Bow_at_Banff_lumped_sd_routing:river_network/Bow_at_Banff_lumped_sd_routing_riverNetwork_delineate.shp,n_features,native_windows,49.000000,wsl,49.000000,0.000000,OK
domain_Bow_at_Banff_lumped_sd_routing:river_network/Bow_at_Banff_lumped_sd_routing_riverNetwork_lumped.shp,n_features,native_windows,1.000000,wsl,1.000000,0.000000,OK
domain_Bow_at_Banff_multivar:catchment/lumped/bow_exp3_joint/Bow_at_Banff_multivar_HRUs_GRUs.shp,n_features,native_windows,1.000000,wsl,1.000000,0.000000,OK
domain_Bow_at_Banff_multivar:catchment/lumped/bow_exp4_moead_joint/Bow_at_Banff_multivar_HRUs_GRUs.shp,n_features,native_windows,1.000000,wsl,1.000000,0.000000,OK
domain_Bow_at_Banff_multivar:river_basins/Bow_at_Banff_multivar_riverBasins_lumped.shp,n_features,native_windows,1.000000,wsl,1.000000,0.000000,OK
domain_Bow_at_Banff_multivar:river_network/Bow_at_Banff_multivar_riverNetwork_lumped.shp,n_features,native_windows,1.000000,wsl,1.000000,0.000000,OK
domain_Bow_at_Banff_semidistributed_elev:catchment/semidistributed/Bow_at_Banff_semidistributed_elev/Bow_at_Banff_semidistributed_elev_HRUs_elevation.shp,n_features,native_windows,363.000000,wsl,363.000000,0.000000,OK
domain_Bow_at_Banff_semidistributed_elev:river_basins/Bow_at_Banff_semidistributed_elev_riverBasins_semidistributed.shp,n_features,native_windows,49.000000,wsl,49.000000,0.000000,OK
domain_Bow_at_Banff_semidistributed_elev:river_network/Bow_at_Banff_semidistributed_elev_riverNetwork_semidistributed.shp,n_features,native_windows,49.000000,wsl,49.000000,0.000000,OK
domain_Bow_at_Banff_semidistributed_elev_aspect:catchment/semidistributed/Bow_at_Banff_semidistributed_elev_aspect/Bow_at_Banff_semidistributed_elev_aspect_HRUs_elevation_aspect.shp,n_features,native_windows,2409.000000,wsl,2409.000000,0.000000,OK
domain_Bow_at_Banff_semidistributed_elev_aspect:river_basins/Bow_at_Banff_semidistributed_elev_aspect_riverBasins_semidistributed.shp,n_features,native_windows,49.000000,wsl,49.000000,0.000000,OK
domain_Bow_at_Banff_semidistributed_elev_aspect:river_network/Bow_at_Banff_semidistributed_elev_aspect_riverNetwork_semidistributed.shp,n_features,native_windows,49.000000,wsl,49.000000,0.000000,OK
domain_Bow_at_Banff_semidistributed_era5:catchment/semidistributed/Bow_at_Banff_semidistributed_era5/Bow_at_Banff_semidistributed_era5_HRUs_GRUs.shp,n_features,native_windows,49.000000,wsl,49.000000,0.000000,OK
domain_Bow_at_Banff_semidistributed_era5:river_basins/Bow_at_Banff_semidistributed_era5_riverBasins_semidistributed.shp,n_features,native_windows,49.000000,wsl,49.000000,0.000000,OK
domain_Bow_at_Banff_semidistributed_era5:river_network/Bow_at_Banff_semidistributed_era5_riverNetwork_semidistributed.shp,n_features,native_windows,49.000000,wsl,49.000000,0.000000,OK
domain_Iceland_coastal:catchment/semidistributed/Iceland_coastal/Iceland_coastal_HRUs_GRUs.shp,n_features,native_windows,2284.000000,wsl,2284.000000,0.000000,OK
domain_Iceland_coastal:river_basins/Iceland_coastal_riverBasins_semidistributed.shp,n_features,native_windows,1864.000000,wsl,1864.000000,0.000000,OK
domain_Iceland_coastal:river_basins/Iceland_coastal_riverBasins_with_coastal.shp,n_features,native_windows,2284.000000,wsl,2284.000000,0.000000,OK
domain_Iceland_coastal:river_network/Iceland_coastal_riverNetwork_semidistributed.shp,n_features,native_windows,1895.000000,wsl,1895.000000,0.000000,OK
domain_Iceland_coastal_elev:catchment/semidistributed/Iceland_coastal_elev/Iceland_coastal_elev_HRUs_elevation.shp,n_features,native_windows,7185.000000,wsl,7185.000000,0.000000,OK
domain_Iceland_coastal_elev:river_basins/Iceland_coastal_elev_riverBasins_semidistributed.shp,n_features,native_windows,1864.000000,wsl,1864.000000,0.000000,OK
domain_Iceland_coastal_elev:river_basins/Iceland_coastal_elev_riverBasins_with_coastal.shp,n_features,native_windows,2284.000000,wsl,2284.000000,0.000000,OK
domain_Iceland_coastal_elev:river_network/Iceland_coastal_elev_riverNetwork_semidistributed.shp,n_features,native_windows,1895.000000,wsl,1895.000000,0.000000,OK
domain_Iceland_regional:catchment/semidistributed/Iceland_regional/Iceland_regional_HRUs_GRUs.shp,n_features,native_windows,1894.000000,wsl,1894.000000,0.000000,OK
domain_Iceland_regional:river_basins/Iceland_regional_riverBasins_semidistributed.shp,n_features,native_windows,1894.000000,wsl,1894.000000,0.000000,OK
domain_Iceland_regional:river_network/Iceland_regional_riverNetwork_semidistributed.shp,n_features,native_windows,1895.000000,wsl,1895.000000,0.000000,OK
domain_paradise_snotel_wa_era5:catchment/point/paradise_snotel_wa_era5/paradise_snotel_wa_era5_HRUs_GRUs.shp,n_features,native_windows,1.000000,wsl,1.000000,0.000000,OK
domain_paradise_snotel_wa_era5:river_basins/paradise_snotel_wa_era5_riverBasins_point.shp,n_features,native_windows,1.000000,wsl,1.000000,0.000000,OK
run_1@FUSE,KGE,native_windows,0.940298,wsl,0.940298,0.000000,OK
run_1@GSFLOW,KGE,native_windows,0.800698,wsl,0.800698,0.000000,OK
run_1@HBV,KGE,native_windows,0.887254,wsl,0.887254,0.000000,OK
run_1@HECHMS,KGE,native_windows,0.852517,wsl,0.852517,0.000000,OK
run_1@TOPMODEL,KGE,native_windows,0.953393,wsl,0.953393,0.000000,OK
run_1@XINANJIANG,KGE,native_windows,0.914235,wsl,0.914235,0.000000,OK
