experiment_id,model,domain,metric,best_score,best_iteration,run_completed,symfluence_version,code_commit,collected_at
bow_exp3_joint@SUMMA,SUMMA,domain_Bow_at_Banff_multivar,KGE,0.8517158714,50,2026-07-21T12:45:15Z,0.9.2,09b7e092,2026-07-21T12:45:35Z
bow_exp4_moead_joint@SUMMA,SUMMA,domain_Bow_at_Banff_multivar,KGE,0.7413119554,6,2026-07-21T18:48:15Z,0.9.2,17762ac8,2026-07-21T19:07:50Z
cal_ensemble_fuse_abc@FUSE,FUSE,domain_Bow_at_Banff_lumped_calibration_ensemble,KGE,0.8705254329,3,2026-07-19T13:51:25Z,0.9.2,4c0c2d04,2026-07-20T20:30:49Z
cal_ensemble_fuse_basin_hopping@FUSE,FUSE,domain_Bow_at_Banff_lumped_calibration_ensemble,KGE,0.8483252148,17,2026-07-19T14:08:40Z,0.9.2,4c0c2d04,2026-07-20T20:30:49Z
cal_ensemble_fuse_bayesian_opt@FUSE,FUSE,domain_Bow_at_Banff_lumped_calibration_ensemble,KGE,0.835566928,43,2026-07-19T14:23:39Z,0.9.2,4c0c2d04,2026-07-20T20:30:49Z
cal_ensemble_fuse_cmaes@FUSE,FUSE,domain_Bow_at_Banff_lumped_calibration_ensemble,KGE,0.9084271382,45,2026-07-19T14:38:04Z,0.9.2,4c0c2d04,2026-07-20T20:30:49Z
cal_ensemble_fuse_dds@FUSE,FUSE,domain_Bow_at_Banff_lumped_calibration_ensemble,KGE,0.909638056,762,2026-07-19T14:55:33Z,0.9.2,4c0c2d04,2026-07-20T20:30:49Z
cal_ensemble_fuse_de@FUSE,FUSE,domain_Bow_at_Banff_lumped_calibration_ensemble,KGE,0.9084878086,50,2026-07-19T15:08:09Z,0.9.2,4c0c2d04,2026-07-20T20:30:49Z
cal_ensemble_fuse_dream@FUSE,FUSE,domain_Bow_at_Banff_lumped_calibration_ensemble,KGE,0.872713008,2,2026-07-19T15:30:10Z,0.9.2,4c0c2d04,2026-07-20T20:30:49Z
cal_ensemble_fuse_ga@FUSE,FUSE,domain_Bow_at_Banff_lumped_calibration_ensemble,KGE,0.8872084189,50,2026-07-19T16:00:17Z,0.9.2,4c0c2d04,2026-07-20T20:30:49Z
cal_ensemble_fuse_glue@FUSE,FUSE,domain_Bow_at_Banff_lumped_calibration_ensemble,KGE,0.8514687723,7,2026-07-19T16:33:52Z,0.9.2,4c0c2d04,2026-07-20T20:30:49Z
cal_ensemble_fuse_nelder_mead@FUSE,FUSE,domain_Bow_at_Banff_lumped_calibration_ensemble,KGE,0.8950900937,985,2026-07-19T17:09:03Z,0.9.2,4c0c2d04,2026-07-20T20:30:49Z
cal_ensemble_fuse_nsga2@FUSE,FUSE,domain_Bow_at_Banff_lumped_calibration_ensemble,KGE,0.9074467501,20,2026-07-19T17:29:02Z,0.9.2,4c0c2d04,2026-07-20T20:30:49Z
cal_ensemble_fuse_pso@FUSE,FUSE,domain_Bow_at_Banff_lumped_calibration_ensemble,KGE,0.9103204608,49,2026-07-19T17:49:28Z,0.9.2,4c0c2d04,2026-07-20T20:30:49Z
cal_ensemble_fuse_sa@FUSE,FUSE,domain_Bow_at_Banff_lumped_calibration_ensemble,KGE,0.8919300632,41,2026-07-19T18:07:18Z,0.9.2,4c0c2d04,2026-07-20T20:30:49Z
cal_ensemble_fuse_sceua@FUSE,FUSE,domain_Bow_at_Banff_lumped_calibration_ensemble,KGE,0.8908180233,5,2026-07-19T18:22:42Z,0.9.2,4c0c2d04,2026-07-20T20:30:49Z
cal_ensemble_hype_abc@HYPE,HYPE,domain_Bow_at_Banff_lumped_calibration_ensemble,KGE,0.686032621,10,2026-07-20T20:42:45Z,0.9.2,19cc95c0,2026-07-20T20:49:54Z
cal_ensemble_hype_basin_hopping@HYPE,HYPE,domain_Bow_at_Banff_lumped_calibration_ensemble,KGE,0.3557054713,13,2026-07-20T22:46:03Z,0.9.2,2f6cc42d,2026-07-20T22:52:35Z
cal_ensemble_hype_bayesian_opt@HYPE,HYPE,domain_Bow_at_Banff_lumped_calibration_ensemble,KGE,0.4743792339,44,2026-07-21T00:09:09Z,0.9.2,384cc9b9,2026-07-21T00:14:16Z
cal_ensemble_hype_cmaes@HYPE,HYPE,domain_Bow_at_Banff_lumped_calibration_ensemble,KGE,0.6904051771,32,2026-07-21T01:54:53Z,0.9.2,580f9d7c,2026-07-21T01:56:11Z
cal_ensemble_hype_dds@HYPE,HYPE,domain_Bow_at_Banff_lumped_calibration_ensemble,KGE,0.849388947,950,2026-07-21T04:47:10Z,0.9.2,32bf3a02,2026-07-21T12:03:07Z
cal_ensemble_hype_de@HYPE,HYPE,domain_Bow_at_Banff_lumped_calibration_ensemble,KGE,0.8066611653,45,2026-07-21T17:19:02Z,0.9.2,d87f9388,2026-07-21T17:24:53Z
domain_Bow_at_Banff_distributed:catchment/distributed/Bow_at_Banff_distributed/Bow_at_Banff_distributed_HRUs_GRUs.shp,geometry,domain_Bow_at_Banff_distributed,n_features,2332,,2026-07-19T12:38:48Z,0.9.2,9d6bb65a,2026-07-21T14:31:29Z
domain_Bow_at_Banff_distributed:river_basins/Bow_at_Banff_distributed_riverBasins_distributed_1000m.shp,geometry,domain_Bow_at_Banff_distributed,n_features,2332,,2026-07-19T12:38:46Z,0.9.2,9d6bb65a,2026-07-21T14:31:29Z
domain_Bow_at_Banff_distributed:river_network/Bow_at_Banff_distributed_riverNetwork_distributed_1000m.shp,geometry,domain_Bow_at_Banff_distributed,n_features,2332,,2026-07-19T12:38:46Z,0.9.2,9d6bb65a,2026-07-21T14:31:29Z
domain_Bow_at_Banff_lumped:catchment/lumped/pipeline_bow/Bow_at_Banff_lumped_HRUs_GRUs.shp,geometry,domain_Bow_at_Banff_lumped,n_features,1,,2026-07-20T13:05:55Z,0.9.2,9d6bb65a,2026-07-21T14:31:29Z
domain_Bow_at_Banff_lumped:river_basins/Bow_at_Banff_lumped_riverBasins_lumped.shp,geometry,domain_Bow_at_Banff_lumped,n_features,1,,2026-07-19T12:28:04Z,0.9.2,9d6bb65a,2026-07-21T14:31:29Z
domain_Bow_at_Banff_lumped:river_network/Bow_at_Banff_lumped_riverNetwork_lumped.shp,geometry,domain_Bow_at_Banff_lumped,n_features,1,,2026-07-19T12:28:04Z,0.9.2,9d6bb65a,2026-07-21T14:31:29Z
domain_Bow_at_Banff_lumped_calibration_ensemble:catchment/lumped/cal_ensemble_fuse_abc/Bow_at_Banff_lumped_calibration_ensemble_HRUs_GRUs.shp,geometry,domain_Bow_at_Banff_lumped_calibration_ensemble,n_features,1,,2026-07-19T12:51:09Z,0.9.2,9d6bb65a,2026-07-21T14:31:30Z
domain_Bow_at_Banff_lumped_calibration_ensemble:catchment/lumped/cal_ensemble_fuse_basin_hopping/Bow_at_Banff_lumped_calibration_ensemble_HRUs_GRUs.shp,geometry,domain_Bow_at_Banff_lumped_calibration_ensemble,n_features,1,,2026-07-19T13:51:33Z,0.9.2,9d6bb65a,2026-07-21T14:31:30Z
domain_Bow_at_Banff_lumped_calibration_ensemble:catchment/lumped/cal_ensemble_fuse_bayesian_opt/Bow_at_Banff_lumped_calibration_ensemble_HRUs_GRUs.shp,geometry,domain_Bow_at_Banff_lumped_calibration_ensemble,n_features,1,,2026-07-19T14:08:45Z,0.9.2,9d6bb65a,2026-07-21T14:31:30Z
domain_Bow_at_Banff_lumped_calibration_ensemble:catchment/lumped/cal_ensemble_fuse_cmaes/Bow_at_Banff_lumped_calibration_ensemble_HRUs_GRUs.shp,geometry,domain_Bow_at_Banff_lumped_calibration_ensemble,n_features,1,,2026-07-19T14:23:42Z,0.9.2,9d6bb65a,2026-07-21T14:31:30Z
domain_Bow_at_Banff_lumped_calibration_ensemble:catchment/lumped/cal_ensemble_fuse_dds/Bow_at_Banff_lumped_calibration_ensemble_HRUs_GRUs.shp,geometry,domain_Bow_at_Banff_lumped_calibration_ensemble,n_features,1,,2026-07-19T14:38:09Z,0.9.2,9d6bb65a,2026-07-21T14:31:30Z
domain_Bow_at_Banff_lumped_calibration_ensemble:catchment/lumped/cal_ensemble_fuse_de/Bow_at_Banff_lumped_calibration_ensemble_HRUs_GRUs.shp,geometry,domain_Bow_at_Banff_lumped_calibration_ensemble,n_features,1,,2026-07-19T14:55:37Z,0.9.2,9d6bb65a,2026-07-21T14:31:30Z
domain_Bow_at_Banff_lumped_calibration_ensemble:catchment/lumped/cal_ensemble_fuse_dream/Bow_at_Banff_lumped_calibration_ensemble_HRUs_GRUs.shp,geometry,domain_Bow_at_Banff_lumped_calibration_ensemble,n_features,1,,2026-07-19T15:08:13Z,0.9.2,9d6bb65a,2026-07-21T14:31:30Z
domain_Bow_at_Banff_lumped_calibration_ensemble:catchment/lumped/cal_ensemble_fuse_ga/Bow_at_Banff_lumped_calibration_ensemble_HRUs_GRUs.shp,geometry,domain_Bow_at_Banff_lumped_calibration_ensemble,n_features,1,,2026-07-19T15:30:17Z,0.9.2,9d6bb65a,2026-07-21T14:31:30Z
domain_Bow_at_Banff_lumped_calibration_ensemble:catchment/lumped/cal_ensemble_fuse_glue/Bow_at_Banff_lumped_calibration_ensemble_HRUs_GRUs.shp,geometry,domain_Bow_at_Banff_lumped_calibration_ensemble,n_features,1,,2026-07-19T16:00:25Z,0.9.2,9d6bb65a,2026-07-21T14:31:30Z
domain_Bow_at_Banff_lumped_calibration_ensemble:catchment/lumped/cal_ensemble_fuse_moead/Bow_at_Banff_lumped_calibration_ensemble_HRUs_GRUs.shp,geometry,domain_Bow_at_Banff_lumped_calibration_ensemble,n_features,1,,2026-07-19T16:33:58Z,0.9.2,9d6bb65a,2026-07-21T14:31:30Z
domain_Bow_at_Banff_lumped_calibration_ensemble:catchment/lumped/cal_ensemble_fuse_nelder_mead/Bow_at_Banff_lumped_calibration_ensemble_HRUs_GRUs.shp,geometry,domain_Bow_at_Banff_lumped_calibration_ensemble,n_features,1,,2026-07-19T16:50:35Z,0.9.2,9d6bb65a,2026-07-21T14:31:30Z
domain_Bow_at_Banff_lumped_calibration_ensemble:catchment/lumped/cal_ensemble_fuse_nsga2/Bow_at_Banff_lumped_calibration_ensemble_HRUs_GRUs.shp,geometry,domain_Bow_at_Banff_lumped_calibration_ensemble,n_features,1,,2026-07-19T17:09:08Z,0.9.2,9d6bb65a,2026-07-21T14:31:30Z
domain_Bow_at_Banff_lumped_calibration_ensemble:catchment/lumped/cal_ensemble_fuse_pso/Bow_at_Banff_lumped_calibration_ensemble_HRUs_GRUs.shp,geometry,domain_Bow_at_Banff_lumped_calibration_ensemble,n_features,1,,2026-07-19T17:29:08Z,0.9.2,9d6bb65a,2026-07-21T14:31:30Z
domain_Bow_at_Banff_lumped_calibration_ensemble:catchment/lumped/cal_ensemble_fuse_sa/Bow_at_Banff_lumped_calibration_ensemble_HRUs_GRUs.shp,geometry,domain_Bow_at_Banff_lumped_calibration_ensemble,n_features,1,,2026-07-19T17:49:33Z,0.9.2,9d6bb65a,2026-07-21T14:31:30Z
domain_Bow_at_Banff_lumped_calibration_ensemble:catchment/lumped/cal_ensemble_fuse_sceua/Bow_at_Banff_lumped_calibration_ensemble_HRUs_GRUs.shp,geometry,domain_Bow_at_Banff_lumped_calibration_ensemble,n_features,1,,2026-07-19T18:07:23Z,0.9.2,9d6bb65a,2026-07-21T14:31:30Z
domain_Bow_at_Banff_lumped_calibration_ensemble:catchment/lumped/cal_ensemble_hbv_abc/Bow_at_Banff_lumped_calibration_ensemble_HRUs_GRUs.shp,geometry,domain_Bow_at_Banff_lumped_calibration_ensemble,n_features,1,,2026-07-19T18:22:47Z,0.9.2,9d6bb65a,2026-07-21T14:31:30Z
domain_Bow_at_Banff_lumped_calibration_ensemble:catchment/lumped/cal_ensemble_hbv_adam/Bow_at_Banff_lumped_calibration_ensemble_HRUs_GRUs.shp,geometry,domain_Bow_at_Banff_lumped_calibration_ensemble,n_features,1,,2026-07-19T18:29:08Z,0.9.2,9d6bb65a,2026-07-21T14:31:30Z
domain_Bow_at_Banff_lumped_calibration_ensemble:catchment/lumped/cal_ensemble_hbv_basin_hopping/Bow_at_Banff_lumped_calibration_ensemble_HRUs_GRUs.shp,geometry,domain_Bow_at_Banff_lumped_calibration_ensemble,n_features,1,,2026-07-19T18:36:43Z,0.9.2,9d6bb65a,2026-07-21T14:31:30Z
domain_Bow_at_Banff_lumped_calibration_ensemble:catchment/lumped/cal_ensemble_hbv_bayesian_opt/Bow_at_Banff_lumped_calibration_ensemble_HRUs_GRUs.shp,geometry,domain_Bow_at_Banff_lumped_calibration_ensemble,n_features,1,,2026-07-19T18:43:10Z,0.9.2,9d6bb65a,2026-07-21T14:31:30Z
domain_Bow_at_Banff_lumped_calibration_ensemble:catchment/lumped/cal_ensemble_hbv_cmaes/Bow_at_Banff_lumped_calibration_ensemble_HRUs_GRUs.shp,geometry,domain_Bow_at_Banff_lumped_calibration_ensemble,n_features,1,,2026-07-19T18:46:05Z,0.9.2,9d6bb65a,2026-07-21T14:31:30Z
domain_Bow_at_Banff_lumped_calibration_ensemble:catchment/lumped/cal_ensemble_hbv_dds/Bow_at_Banff_lumped_calibration_ensemble_HRUs_GRUs.shp,geometry,domain_Bow_at_Banff_lumped_calibration_ensemble,n_features,1,,2026-07-19T18:50:29Z,0.9.2,9d6bb65a,2026-07-21T14:31:30Z
domain_Bow_at_Banff_lumped_calibration_ensemble:catchment/lumped/cal_ensemble_hbv_de/Bow_at_Banff_lumped_calibration_ensemble_HRUs_GRUs.shp,geometry,domain_Bow_at_Banff_lumped_calibration_ensemble,n_features,1,,2026-07-19T18:54:49Z,0.9.2,9d6bb65a,2026-07-21T14:31:30Z
domain_Bow_at_Banff_lumped_calibration_ensemble:catchment/lumped/cal_ensemble_hbv_dream/Bow_at_Banff_lumped_calibration_ensemble_HRUs_GRUs.shp,geometry,domain_Bow_at_Banff_lumped_calibration_ensemble,n_features,1,,2026-07-19T18:59:10Z,0.9.2,9d6bb65a,2026-07-21T14:31:30Z
domain_Bow_at_Banff_lumped_calibration_ensemble:catchment/lumped/cal_ensemble_hbv_ga/Bow_at_Banff_lumped_calibration_ensemble_HRUs_GRUs.shp,geometry,domain_Bow_at_Banff_lumped_calibration_ensemble,n_features,1,,2026-07-19T19:03:31Z,0.9.2,9d6bb65a,2026-07-21T14:31:30Z
domain_Bow_at_Banff_lumped_calibration_ensemble:catchment/lumped/cal_ensemble_hbv_glue/Bow_at_Banff_lumped_calibration_ensemble_HRUs_GRUs.shp,geometry,domain_Bow_at_Banff_lumped_calibration_ensemble,n_features,1,,2026-07-19T19:07:54Z,0.9.2,9d6bb65a,2026-07-21T14:31:30Z
domain_Bow_at_Banff_lumped_calibration_ensemble:catchment/lumped/cal_ensemble_hbv_lbfgs/Bow_at_Banff_lumped_calibration_ensemble_HRUs_GRUs.shp,geometry,domain_Bow_at_Banff_lumped_calibration_ensemble,n_features,1,,2026-07-19T19:12:12Z,0.9.2,9d6bb65a,2026-07-21T14:31:30Z
domain_Bow_at_Banff_lumped_calibration_ensemble:catchment/lumped/cal_ensemble_hbv_moead/Bow_at_Banff_lumped_calibration_ensemble_HRUs_GRUs.shp,geometry,domain_Bow_at_Banff_lumped_calibration_ensemble,n_features,1,,2026-07-20T01:42:41Z,0.9.2,9d6bb65a,2026-07-21T14:31:30Z
domain_Bow_at_Banff_lumped_calibration_ensemble:catchment/lumped/cal_ensemble_hbv_nelder_mead/Bow_at_Banff_lumped_calibration_ensemble_HRUs_GRUs.shp,geometry,domain_Bow_at_Banff_lumped_calibration_ensemble,n_features,1,,2026-07-20T01:47:59Z,0.9.2,9d6bb65a,2026-07-21T14:31:30Z
domain_Bow_at_Banff_lumped_calibration_ensemble:catchment/lumped/cal_ensemble_hbv_nsga2/Bow_at_Banff_lumped_calibration_ensemble_HRUs_GRUs.shp,geometry,domain_Bow_at_Banff_lumped_calibration_ensemble,n_features,1,,2026-07-20T01:55:51Z,0.9.2,9d6bb65a,2026-07-21T14:31:30Z
domain_Bow_at_Banff_lumped_calibration_ensemble:catchment/lumped/cal_ensemble_hbv_pso/Bow_at_Banff_lumped_calibration_ensemble_HRUs_GRUs.shp,geometry,domain_Bow_at_Banff_lumped_calibration_ensemble,n_features,1,,2026-07-20T02:03:13Z,0.9.2,9d6bb65a,2026-07-21T14:31:30Z
domain_Bow_at_Banff_lumped_calibration_ensemble:catchment/lumped/cal_ensemble_hbv_sa/Bow_at_Banff_lumped_calibration_ensemble_HRUs_GRUs.shp,geometry,domain_Bow_at_Banff_lumped_calibration_ensemble,n_features,1,,2026-07-20T02:08:07Z,0.9.2,9d6bb65a,2026-07-21T14:31:30Z
domain_Bow_at_Banff_lumped_calibration_ensemble:catchment/lumped/cal_ensemble_hbv_sceua/Bow_at_Banff_lumped_calibration_ensemble_HRUs_GRUs.shp,geometry,domain_Bow_at_Banff_lumped_calibration_ensemble,n_features,1,,2026-07-20T02:12:58Z,0.9.2,9d6bb65a,2026-07-21T14:31:30Z
domain_Bow_at_Banff_lumped_calibration_ensemble:catchment/lumped/cal_ensemble_hechms_abc/Bow_at_Banff_lumped_calibration_ensemble_HRUs_GRUs.shp,geometry,domain_Bow_at_Banff_lumped_calibration_ensemble,n_features,1,,2026-07-20T02:18:10Z,0.9.2,9d6bb65a,2026-07-21T14:31:30Z
domain_Bow_at_Banff_lumped_calibration_ensemble:catchment/lumped/cal_ensemble_hechms_adam/Bow_at_Banff_lumped_calibration_ensemble_HRUs_GRUs.shp,geometry,domain_Bow_at_Banff_lumped_calibration_ensemble,n_features,1,,2026-07-20T02:28:06Z,0.9.2,9d6bb65a,2026-07-21T14:31:30Z
domain_Bow_at_Banff_lumped_calibration_ensemble:catchment/lumped/cal_ensemble_hechms_basin_hopping/Bow_at_Banff_lumped_calibration_ensemble_HRUs_GRUs.shp,geometry,domain_Bow_at_Banff_lumped_calibration_ensemble,n_features,1,,2026-07-20T02:40:51Z,0.9.2,9d6bb65a,2026-07-21T14:31:30Z
domain_Bow_at_Banff_lumped_calibration_ensemble:catchment/lumped/cal_ensemble_hechms_bayesian_opt/Bow_at_Banff_lumped_calibration_ensemble_HRUs_GRUs.shp,geometry,domain_Bow_at_Banff_lumped_calibration_ensemble,n_features,1,,2026-07-20T02:47:03Z,0.9.2,9d6bb65a,2026-07-21T14:31:30Z
domain_Bow_at_Banff_lumped_calibration_ensemble:catchment/lumped/cal_ensemble_hechms_cmaes/Bow_at_Banff_lumped_calibration_ensemble_HRUs_GRUs.shp,geometry,domain_Bow_at_Banff_lumped_calibration_ensemble,n_features,1,,2026-07-20T02:50:34Z,0.9.2,9d6bb65a,2026-07-21T14:31:30Z
domain_Bow_at_Banff_lumped_calibration_ensemble:catchment/lumped/cal_ensemble_hechms_dds/Bow_at_Banff_lumped_calibration_ensemble_HRUs_GRUs.shp,geometry,domain_Bow_at_Banff_lumped_calibration_ensemble,n_features,1,,2026-07-20T02:55:09Z,0.9.2,9d6bb65a,2026-07-21T14:31:30Z
domain_Bow_at_Banff_lumped_calibration_ensemble:catchment/lumped/cal_ensemble_hechms_de/Bow_at_Banff_lumped_calibration_ensemble_HRUs_GRUs.shp,geometry,domain_Bow_at_Banff_lumped_calibration_ensemble,n_features,1,,2026-07-20T02:59:23Z,0.9.2,9d6bb65a,2026-07-21T14:31:30Z
domain_Bow_at_Banff_lumped_calibration_ensemble:catchment/lumped/cal_ensemble_hechms_dream/Bow_at_Banff_lumped_calibration_ensemble_HRUs_GRUs.shp,geometry,domain_Bow_at_Banff_lumped_calibration_ensemble,n_features,1,,2026-07-20T03:03:41Z,0.9.2,9d6bb65a,2026-07-21T14:31:30Z
domain_Bow_at_Banff_lumped_calibration_ensemble:catchment/lumped/cal_ensemble_hechms_ga/Bow_at_Banff_lumped_calibration_ensemble_HRUs_GRUs.shp,geometry,domain_Bow_at_Banff_lumped_calibration_ensemble,n_features,1,,2026-07-20T03:07:40Z,0.9.2,9d6bb65a,2026-07-21T14:31:30Z
domain_Bow_at_Banff_lumped_calibration_ensemble:catchment/lumped/cal_ensemble_hechms_glue/Bow_at_Banff_lumped_calibration_ensemble_HRUs_GRUs.shp,geometry,domain_Bow_at_Banff_lumped_calibration_ensemble,n_features,1,,2026-07-20T03:11:50Z,0.9.2,9d6bb65a,2026-07-21T14:31:30Z
domain_Bow_at_Banff_lumped_calibration_ensemble:catchment/lumped/cal_ensemble_hechms_lbfgs/Bow_at_Banff_lumped_calibration_ensemble_HRUs_GRUs.shp,geometry,domain_Bow_at_Banff_lumped_calibration_ensemble,n_features,1,,2026-07-20T03:16:12Z,0.9.2,9d6bb65a,2026-07-21T14:31:30Z
domain_Bow_at_Banff_lumped_calibration_ensemble:catchment/lumped/cal_ensemble_hechms_moead/Bow_at_Banff_lumped_calibration_ensemble_HRUs_GRUs.shp,geometry,domain_Bow_at_Banff_lumped_calibration_ensemble,n_features,1,,2026-07-20T18:38:18Z,0.9.2,9d6bb65a,2026-07-21T14:31:30Z
domain_Bow_at_Banff_lumped_calibration_ensemble:catchment/lumped/cal_ensemble_hechms_nelder_mead/Bow_at_Banff_lumped_calibration_ensemble_HRUs_GRUs.shp,geometry,domain_Bow_at_Banff_lumped_calibration_ensemble,n_features,1,,2026-07-20T18:45:57Z,0.9.2,9d6bb65a,2026-07-21T14:31:30Z
domain_Bow_at_Banff_lumped_calibration_ensemble:catchment/lumped/cal_ensemble_hechms_nsga2/Bow_at_Banff_lumped_calibration_ensemble_HRUs_GRUs.shp,geometry,domain_Bow_at_Banff_lumped_calibration_ensemble,n_features,1,,2026-07-20T18:51:11Z,0.9.2,9d6bb65a,2026-07-21T14:31:30Z
domain_Bow_at_Banff_lumped_calibration_ensemble:catchment/lumped/cal_ensemble_hechms_pso/Bow_at_Banff_lumped_calibration_ensemble_HRUs_GRUs.shp,geometry,domain_Bow_at_Banff_lumped_calibration_ensemble,n_features,1,,2026-07-20T18:58:20Z,0.9.2,9d6bb65a,2026-07-21T14:31:30Z
domain_Bow_at_Banff_lumped_calibration_ensemble:catchment/lumped/cal_ensemble_hechms_sa/Bow_at_Banff_lumped_calibration_ensemble_HRUs_GRUs.shp,geometry,domain_Bow_at_Banff_lumped_calibration_ensemble,n_features,1,,2026-07-20T19:02:32Z,0.9.2,9d6bb65a,2026-07-21T14:31:30Z
domain_Bow_at_Banff_lumped_calibration_ensemble:catchment/lumped/cal_ensemble_hechms_sceua/Bow_at_Banff_lumped_calibration_ensemble_HRUs_GRUs.shp,geometry,domain_Bow_at_Banff_lumped_calibration_ensemble,n_features,1,,2026-07-20T19:06:36Z,0.9.2,9d6bb65a,2026-07-21T14:31:30Z
domain_Bow_at_Banff_lumped_calibration_ensemble:catchment/lumped/cal_ensemble_hype_abc/Bow_at_Banff_lumped_calibration_ensemble_HRUs_GRUs.shp,geometry,domain_Bow_at_Banff_lumped_calibration_ensemble,n_features,1,,2026-07-20T19:09:37Z,0.9.2,9d6bb65a,2026-07-21T14:31:30Z
domain_Bow_at_Banff_lumped_calibration_ensemble:catchment/lumped/cal_ensemble_hype_basin_hopping/Bow_at_Banff_lumped_calibration_ensemble_HRUs_GRUs.shp,geometry,domain_Bow_at_Banff_lumped_calibration_ensemble,n_features,1,,2026-07-20T20:42:55Z,0.9.2,9d6bb65a,2026-07-21T14:31:30Z
domain_Bow_at_Banff_lumped_calibration_ensemble:catchment/lumped/cal_ensemble_hype_bayesian_opt/Bow_at_Banff_lumped_calibration_ensemble_HRUs_GRUs.shp,geometry,domain_Bow_at_Banff_lumped_calibration_ensemble,n_features,1,,2026-07-20T22:46:21Z,0.9.2,9d6bb65a,2026-07-21T14:31:30Z
domain_Bow_at_Banff_lumped_calibration_ensemble:catchment/lumped/cal_ensemble_hype_cmaes/Bow_at_Banff_lumped_calibration_ensemble_HRUs_GRUs.shp,geometry,domain_Bow_at_Banff_lumped_calibration_ensemble,n_features,1,,2026-07-21T00:09:25Z,0.9.2,9d6bb65a,2026-07-21T14:31:30Z
domain_Bow_at_Banff_lumped_calibration_ensemble:catchment/lumped/cal_ensemble_hype_dds/Bow_at_Banff_lumped_calibration_ensemble_HRUs_GRUs.shp,geometry,domain_Bow_at_Banff_lumped_calibration_ensemble,n_features,1,,2026-07-21T01:55:04Z,0.9.2,9d6bb65a,2026-07-21T14:31:30Z
domain_Bow_at_Banff_lumped_calibration_ensemble:catchment/lumped/cal_ensemble_hype_de/Bow_at_Banff_lumped_calibration_ensemble_HRUs_GRUs.shp,geometry,domain_Bow_at_Banff_lumped_calibration_ensemble,n_features,1,,2026-07-21T04:47:43Z,0.9.2,9d6bb65a,2026-07-21T14:31:30Z
domain_Bow_at_Banff_lumped_calibration_ensemble:catchment/lumped/cal_ensemble_hype_dream/Bow_at_Banff_lumped_calibration_ensemble_HRUs_GRUs.shp,geometry,domain_Bow_at_Banff_lumped_calibration_ensemble,n_features,1,,2026-07-21T17:19:43Z,0.9.2,d87f9388,2026-07-21T17:25:05Z
domain_Bow_at_Banff_lumped_calibration_ensemble:river_basins/Bow_at_Banff_lumped_calibration_ensemble_riverBasins_lumped.shp,geometry,domain_Bow_at_Banff_lumped_calibration_ensemble,n_features,1,,2026-07-19T12:28:06Z,0.9.2,9d6bb65a,2026-07-21T14:31:30Z
domain_Bow_at_Banff_lumped_calibration_ensemble:river_network/Bow_at_Banff_lumped_calibration_ensemble_riverNetwork_lumped.shp,geometry,domain_Bow_at_Banff_lumped_calibration_ensemble,n_features,1,,2026-07-19T12:28:06Z,0.9.2,9d6bb65a,2026-07-21T14:31:30Z
domain_Bow_at_Banff_lumped_elev_aspect:catchment/lumped/Bow_at_Banff_lumped_elev_aspect/Bow_at_Banff_lumped_elev_aspect_HRUs_elevation_aspect.shp,geometry,domain_Bow_at_Banff_lumped_elev_aspect,n_features,88,,2026-07-19T12:39:34Z,0.9.2,9d6bb65a,2026-07-21T14:31:30Z
domain_Bow_at_Banff_lumped_elev_aspect:river_basins/Bow_at_Banff_lumped_elev_aspect_riverBasins_lumped.shp,geometry,domain_Bow_at_Banff_lumped_elev_aspect,n_features,1,,2026-07-19T05:17:03Z,0.9.2,9d6bb65a,2026-07-21T14:31:31Z
domain_Bow_at_Banff_lumped_elev_aspect:river_network/Bow_at_Banff_lumped_elev_aspect_riverNetwork_lumped.shp,geometry,domain_Bow_at_Banff_lumped_elev_aspect,n_features,1,,2026-07-19T05:17:03Z,0.9.2,9d6bb65a,2026-07-21T14:31:31Z
domain_Bow_at_Banff_lumped_elev_bands:catchment/lumped/Bow_at_Banff_lumped_elev_bands/Bow_at_Banff_lumped_elev_bands_HRUs_elevation.shp,geometry,domain_Bow_at_Banff_lumped_elev_bands,n_features,12,,2026-07-19T12:39:39Z,0.9.2,9d6bb65a,2026-07-21T14:31:31Z
domain_Bow_at_Banff_lumped_elev_bands:river_basins/Bow_at_Banff_lumped_elev_bands_riverBasins_lumped.shp,geometry,domain_Bow_at_Banff_lumped_elev_bands,n_features,1,,2026-07-19T05:16:30Z,0.9.2,9d6bb65a,2026-07-21T14:31:31Z
domain_Bow_at_Banff_lumped_elev_bands:river_network/Bow_at_Banff_lumped_elev_bands_riverNetwork_lumped.shp,geometry,domain_Bow_at_Banff_lumped_elev_bands,n_features,1,,2026-07-19T05:16:30Z,0.9.2,9d6bb65a,2026-07-21T14:31:31Z
domain_Bow_at_Banff_lumped_elev_sd_routing:catchment/lumped/Bow_at_Banff_lumped_elev_sd_routing/Bow_at_Banff_lumped_elev_sd_routing_HRUs_elevation.shp,geometry,domain_Bow_at_Banff_lumped_elev_sd_routing,n_features,12,,2026-07-19T12:39:44Z,0.9.2,9d6bb65a,2026-07-21T14:31:31Z
domain_Bow_at_Banff_lumped_elev_sd_routing:catchment/lumped/Bow_at_Banff_lumped_elev_sd_routing/Bow_at_Banff_lumped_elev_sd_routing_catchment_delineated.shp,geometry,domain_Bow_at_Banff_lumped_elev_sd_routing,n_features,49,,2026-07-19T12:39:44Z,0.9.2,9d6bb65a,2026-07-21T14:31:31Z
domain_Bow_at_Banff_lumped_elev_sd_routing:river_basins/Bow_at_Banff_lumped_elev_sd_routing_riverBasins_delineate.shp,geometry,domain_Bow_at_Banff_lumped_elev_sd_routing,n_features,49,,2026-07-19T05:17:50Z,0.9.2,9d6bb65a,2026-07-21T14:31:31Z
domain_Bow_at_Banff_lumped_elev_sd_routing:river_basins/Bow_at_Banff_lumped_elev_sd_routing_riverBasins_lumped.shp,geometry,domain_Bow_at_Banff_lumped_elev_sd_routing,n_features,1,,2026-07-19T05:17:46Z,0.9.2,9d6bb65a,2026-07-21T14:31:31Z
domain_Bow_at_Banff_lumped_elev_sd_routing:river_network/Bow_at_Banff_lumped_elev_sd_routing_riverNetwork_delineate.shp,geometry,domain_Bow_at_Banff_lumped_elev_sd_routing,n_features,49,,2026-07-19T05:17:50Z,0.9.2,9d6bb65a,2026-07-21T14:31:31Z
domain_Bow_at_Banff_lumped_elev_sd_routing:river_network/Bow_at_Banff_lumped_elev_sd_routing_riverNetwork_lumped.shp,geometry,domain_Bow_at_Banff_lumped_elev_sd_routing,n_features,1,,2026-07-19T05:17:46Z,0.9.2,9d6bb65a,2026-07-21T14:31:31Z
domain_Bow_at_Banff_lumped_era5:catchment/lumped/Bow_at_Banff_lumped_era5/Bow_at_Banff_lumped_era5_HRUs_GRUs.shp,geometry,domain_Bow_at_Banff_lumped_era5,n_features,1,,2026-07-19T12:39:15Z,0.9.2,9d6bb65a,2026-07-21T14:31:31Z
domain_Bow_at_Banff_lumped_era5:catchment/lumped/benchmark/Bow_at_Banff_lumped_era5_HRUs_GRUs.shp,geometry,domain_Bow_at_Banff_lumped_era5,n_features,1,,2026-07-21T02:21:14Z,0.9.2,9d6bb65a,2026-07-21T14:31:31Z
domain_Bow_at_Banff_lumped_era5:catchment/lumped/run_1/Bow_at_Banff_lumped_era5_HRUs_GRUs.shp,geometry,domain_Bow_at_Banff_lumped_era5,n_features,1,,2026-07-21T14:21:33Z,0.9.2,9d6bb65a,2026-07-21T14:31:31Z
domain_Bow_at_Banff_lumped_era5:river_basins/Bow_at_Banff_lumped_era5_riverBasins_lumped.shp,geometry,domain_Bow_at_Banff_lumped_era5,n_features,1,,2026-07-21T13:33:43Z,0.9.2,9d6bb65a,2026-07-21T14:31:31Z
domain_Bow_at_Banff_lumped_era5:river_network/Bow_at_Banff_lumped_era5_riverNetwork_lumped.shp,geometry,domain_Bow_at_Banff_lumped_era5,n_features,1,,2026-07-21T13:33:43Z,0.9.2,9d6bb65a,2026-07-21T14:31:31Z
domain_Bow_at_Banff_lumped_land_classes:catchment/lumped/Bow_at_Banff_lumped_land_classes/Bow_at_Banff_lumped_land_classes_HRUs_landclass.shp,geometry,domain_Bow_at_Banff_lumped_land_classes,n_features,9,,2026-07-19T12:39:48Z,0.9.2,9d6bb65a,2026-07-21T14:31:31Z
domain_Bow_at_Banff_lumped_land_classes:river_basins/Bow_at_Banff_lumped_land_classes_riverBasins_lumped.shp,geometry,domain_Bow_at_Banff_lumped_land_classes,n_features,1,,2026-07-19T05:16:47Z,0.9.2,9d6bb65a,2026-07-21T14:31:31Z
domain_Bow_at_Banff_lumped_land_classes:river_network/Bow_at_Banff_lumped_land_classes_riverNetwork_lumped.shp,geometry,domain_Bow_at_Banff_lumped_land_classes,n_features,1,,2026-07-19T05:16:47Z,0.9.2,9d6bb65a,2026-07-21T14:31:31Z
domain_Bow_at_Banff_lumped_sd_routing:catchment/lumped/Bow_at_Banff_lumped_sd_routing/Bow_at_Banff_lumped_sd_routing_HRUs_GRUs.shp,geometry,domain_Bow_at_Banff_lumped_sd_routing,n_features,1,,2026-07-19T12:39:22Z,0.9.2,9d6bb65a,2026-07-21T14:31:31Z
domain_Bow_at_Banff_lumped_sd_routing:catchment/lumped/Bow_at_Banff_lumped_sd_routing/Bow_at_Banff_lumped_sd_routing_catchment_delineated.shp,geometry,domain_Bow_at_Banff_lumped_sd_routing,n_features,49,,2026-07-19T12:39:22Z,0.9.2,9d6bb65a,2026-07-21T14:31:31Z
domain_Bow_at_Banff_lumped_sd_routing:river_basins/Bow_at_Banff_lumped_sd_routing_riverBasins_delineate.shp,geometry,domain_Bow_at_Banff_lumped_sd_routing,n_features,49,,2026-07-19T05:17:33Z,0.9.2,9d6bb65a,2026-07-21T14:31:31Z
domain_Bow_at_Banff_lumped_sd_routing:river_basins/Bow_at_Banff_lumped_sd_routing_riverBasins_lumped.shp,geometry,domain_Bow_at_Banff_lumped_sd_routing,n_features,1,,2026-07-19T05:17:29Z,0.9.2,9d6bb65a,2026-07-21T14:31:31Z
domain_Bow_at_Banff_lumped_sd_routing:river_network/Bow_at_Banff_lumped_sd_routing_riverNetwork_delineate.shp,geometry,domain_Bow_at_Banff_lumped_sd_routing,n_features,49,,2026-07-19T05:17:33Z,0.9.2,9d6bb65a,2026-07-21T14:31:31Z
domain_Bow_at_Banff_lumped_sd_routing:river_network/Bow_at_Banff_lumped_sd_routing_riverNetwork_lumped.shp,geometry,domain_Bow_at_Banff_lumped_sd_routing,n_features,1,,2026-07-19T05:17:29Z,0.9.2,9d6bb65a,2026-07-21T14:31:31Z
domain_Bow_at_Banff_multivar:catchment/lumped/bow_exp1_streamflow_only/Bow_at_Banff_multivar_HRUs_GRUs.shp,geometry,domain_Bow_at_Banff_multivar,n_features,1,,2026-07-21T18:54:34Z,0.9.2,17762ac8,2026-07-21T19:07:55Z
domain_Bow_at_Banff_multivar:catchment/lumped/bow_exp3_joint/Bow_at_Banff_multivar_HRUs_GRUs.shp,geometry,domain_Bow_at_Banff_multivar,n_features,1,,2026-07-20T03:36:10Z,0.9.2,9d6bb65a,2026-07-21T14:31:31Z
domain_Bow_at_Banff_multivar:catchment/lumped/bow_exp4_moead_joint/Bow_at_Banff_multivar_HRUs_GRUs.shp,geometry,domain_Bow_at_Banff_multivar,n_features,1,,2026-07-21T12:50:00Z,0.9.2,9d6bb65a,2026-07-21T14:31:31Z
domain_Bow_at_Banff_multivar:river_basins/Bow_at_Banff_multivar_riverBasins_lumped.shp,geometry,domain_Bow_at_Banff_multivar,n_features,1,,2026-07-19T12:28:03Z,0.9.2,9d6bb65a,2026-07-21T14:31:31Z
domain_Bow_at_Banff_multivar:river_network/Bow_at_Banff_multivar_riverNetwork_lumped.shp,geometry,domain_Bow_at_Banff_multivar,n_features,1,,2026-07-19T12:28:03Z,0.9.2,9d6bb65a,2026-07-21T14:31:31Z
domain_Bow_at_Banff_semidistributed_elev:catchment/semidistributed/Bow_at_Banff_semidistributed_elev/Bow_at_Banff_semidistributed_elev_HRUs_elevation.shp,geometry,domain_Bow_at_Banff_semidistributed_elev,n_features,363,,2026-07-19T12:39:56Z,0.9.2,9d6bb65a,2026-07-21T14:31:31Z
domain_Bow_at_Banff_semidistributed_elev:river_basins/Bow_at_Banff_semidistributed_elev_riverBasins_semidistributed.shp,geometry,domain_Bow_at_Banff_semidistributed_elev,n_features,49,,2026-07-19T05:18:21Z,0.9.2,9d6bb65a,2026-07-21T14:31:31Z
domain_Bow_at_Banff_semidistributed_elev:river_network/Bow_at_Banff_semidistributed_elev_riverNetwork_semidistributed.shp,geometry,domain_Bow_at_Banff_semidistributed_elev,n_features,49,,2026-07-19T05:18:21Z,0.9.2,9d6bb65a,2026-07-21T14:31:31Z
domain_Bow_at_Banff_semidistributed_elev_aspect:catchment/semidistributed/Bow_at_Banff_semidistributed_elev_aspect/Bow_at_Banff_semidistributed_elev_aspect_HRUs_elevation_aspect.shp,geometry,domain_Bow_at_Banff_semidistributed_elev_aspect,n_features,2409,,2026-07-19T12:40:08Z,0.9.2,9d6bb65a,2026-07-21T14:31:31Z
domain_Bow_at_Banff_semidistributed_elev_aspect:river_basins/Bow_at_Banff_semidistributed_elev_aspect_riverBasins_semidistributed.shp,geometry,domain_Bow_at_Banff_semidistributed_elev_aspect,n_features,49,,2026-07-19T05:22:40Z,0.9.2,9d6bb65a,2026-07-21T14:31:31Z
domain_Bow_at_Banff_semidistributed_elev_aspect:river_network/Bow_at_Banff_semidistributed_elev_aspect_riverNetwork_semidistributed.shp,geometry,domain_Bow_at_Banff_semidistributed_elev_aspect,n_features,49,,2026-07-19T05:22:40Z,0.9.2,9d6bb65a,2026-07-21T14:31:31Z
domain_Bow_at_Banff_semidistributed_era5:catchment/semidistributed/Bow_at_Banff_semidistributed_era5/Bow_at_Banff_semidistributed_era5_HRUs_GRUs.shp,geometry,domain_Bow_at_Banff_semidistributed_era5,n_features,49,,2026-07-19T12:39:51Z,0.9.2,9d6bb65a,2026-07-21T14:31:31Z
domain_Bow_at_Banff_semidistributed_era5:river_basins/Bow_at_Banff_semidistributed_era5_riverBasins_semidistributed.shp,geometry,domain_Bow_at_Banff_semidistributed_era5,n_features,49,,2026-07-19T05:18:06Z,0.9.2,9d6bb65a,2026-07-21T14:31:31Z
domain_Bow_at_Banff_semidistributed_era5:river_network/Bow_at_Banff_semidistributed_era5_riverNetwork_semidistributed.shp,geometry,domain_Bow_at_Banff_semidistributed_era5,n_features,49,,2026-07-19T05:18:06Z,0.9.2,9d6bb65a,2026-07-21T14:31:32Z
domain_Iceland_coastal:catchment/semidistributed/Iceland_coastal/Iceland_coastal_HRUs_GRUs.shp,geometry,domain_Iceland_coastal,n_features,2284,,2026-07-19T14:07:24Z,0.9.2,9d6bb65a,2026-07-21T14:31:32Z
domain_Iceland_coastal:river_basins/Iceland_coastal_riverBasins_semidistributed.shp,geometry,domain_Iceland_coastal,n_features,1864,,2026-07-19T14:07:13Z,0.9.2,9d6bb65a,2026-07-21T14:31:32Z
domain_Iceland_coastal:river_basins/Iceland_coastal_riverBasins_with_coastal.shp,geometry,domain_Iceland_coastal,n_features,2284,,2026-07-19T14:07:22Z,0.9.2,9d6bb65a,2026-07-21T14:31:32Z
domain_Iceland_coastal:river_network/Iceland_coastal_riverNetwork_semidistributed.shp,geometry,domain_Iceland_coastal,n_features,1895,,2026-07-19T14:07:13Z,0.9.2,9d6bb65a,2026-07-21T14:31:32Z
domain_Iceland_coastal_elev:catchment/semidistributed/Iceland_coastal_elev/Iceland_coastal_elev_HRUs_elevation.shp,geometry,domain_Iceland_coastal_elev,n_features,7185,,2026-07-19T15:13:01Z,0.9.2,9d6bb65a,2026-07-21T14:31:32Z
domain_Iceland_coastal_elev:river_basins/Iceland_coastal_elev_riverBasins_semidistributed.shp,geometry,domain_Iceland_coastal_elev,n_features,1864,,2026-07-19T15:12:30Z,0.9.2,9d6bb65a,2026-07-21T14:31:32Z
domain_Iceland_coastal_elev:river_basins/Iceland_coastal_elev_riverBasins_with_coastal.shp,geometry,domain_Iceland_coastal_elev,n_features,2284,,2026-07-19T15:12:37Z,0.9.2,9d6bb65a,2026-07-21T14:31:32Z
domain_Iceland_coastal_elev:river_network/Iceland_coastal_elev_riverNetwork_semidistributed.shp,geometry,domain_Iceland_coastal_elev,n_features,1895,,2026-07-19T15:12:30Z,0.9.2,9d6bb65a,2026-07-21T14:31:32Z
domain_Iceland_regional:catchment/semidistributed/Iceland_regional/Iceland_regional_HRUs_GRUs.shp,geometry,domain_Iceland_regional,n_features,1894,,2026-07-19T15:58:12Z,0.9.2,9d6bb65a,2026-07-21T14:31:32Z
domain_Iceland_regional:river_basins/Iceland_regional_riverBasins_semidistributed.shp,geometry,domain_Iceland_regional,n_features,1894,,2026-07-19T15:58:06Z,0.9.2,9d6bb65a,2026-07-21T14:31:32Z
domain_Iceland_regional:river_network/Iceland_regional_riverNetwork_semidistributed.shp,geometry,domain_Iceland_regional,n_features,1895,,2026-07-19T15:58:06Z,0.9.2,9d6bb65a,2026-07-21T14:31:32Z
domain_paradise_snotel_wa:catchment/point/forcing_ensemble_aorc/paradise_snotel_wa_HRUs_GRUs.shp,geometry,domain_paradise_snotel_wa,n_features,1,,2026-07-19T17:35:52Z,0.9.2,9d6bb65a,2026-07-21T14:31:32Z
domain_paradise_snotel_wa:catchment/point/forcing_ensemble_conus404/paradise_snotel_wa_HRUs_GRUs.shp,geometry,domain_paradise_snotel_wa,n_features,1,,2026-07-19T19:50:23Z,0.9.2,9d6bb65a,2026-07-21T14:31:32Z
domain_paradise_snotel_wa:catchment/point/forcing_ensemble_era5/paradise_snotel_wa_HRUs_GRUs.shp,geometry,domain_paradise_snotel_wa,n_features,1,,2026-07-20T10:02:33Z,0.9.2,9d6bb65a,2026-07-21T14:31:32Z
domain_paradise_snotel_wa:catchment/point/forcing_ensemble_rdrs/paradise_snotel_wa_HRUs_GRUs.shp,geometry,domain_paradise_snotel_wa,n_features,1,,2026-07-20T12:42:38Z,0.9.2,9d6bb65a,2026-07-21T14:31:32Z
domain_paradise_snotel_wa:river_basins/paradise_snotel_wa_riverBasins_point.shp,geometry,domain_paradise_snotel_wa,n_features,1,,2026-07-20T12:42:33Z,0.9.2,9d6bb65a,2026-07-21T14:31:32Z
domain_paradise_snotel_wa_era5:catchment/point/paradise_snotel_wa_era5/paradise_snotel_wa_era5_HRUs_GRUs.shp,geometry,domain_paradise_snotel_wa_era5,n_features,1,,2026-07-19T15:58:21Z,0.9.2,9d6bb65a,2026-07-21T14:31:32Z
domain_paradise_snotel_wa_era5:river_basins/paradise_snotel_wa_era5_riverBasins_point.shp,geometry,domain_paradise_snotel_wa_era5,n_features,1,,2026-07-19T15:58:20Z,0.9.2,9d6bb65a,2026-07-21T14:31:32Z
forcing_ensemble_aorc@SUMMA,SUMMA,domain_paradise_snotel_wa,RMSE,-386.3030513,880,2026-07-19T19:49:57Z,0.9.2,4c0c2d04,2026-07-20T20:30:50Z
forcing_ensemble_conus404@SUMMA,SUMMA,domain_paradise_snotel_wa,RMSE,-306.1649133,618,2026-07-19T22:25:23Z,0.9.2,4c0c2d04,2026-07-20T20:30:50Z
forcing_ensemble_rdrs@SUMMA,SUMMA,domain_paradise_snotel_wa,RMSE,-211.9137474,466,2026-07-20T18:24:17Z,0.9.2,4c0c2d04,2026-07-20T20:30:50Z
run_1@CRHM,CRHM,domain_Bow_at_Banff_lumped_era5,KGE,0.9293502046,993,2026-07-20T20:22:22Z,0.9.2,4c0c2d04,2026-07-20T20:30:49Z
run_1@FUSE,FUSE,domain_Bow_at_Banff_lumped_era5,KGE,0.9402980047,4318,2026-07-20T20:34:15Z,0.9.2,1cc4bf75,2026-07-20T20:39:40Z
run_1@GSFLOW,GSFLOW,domain_Bow_at_Banff_lumped_era5,KGE,0.8006979086,959,2026-07-20T21:10:32Z,0.9.2,503060df,2026-07-20T21:20:33Z
run_1@HBV,HBV,domain_Bow_at_Banff_lumped_era5,KGE,0.8872542606,983,2026-07-20T21:15:21Z,0.9.2,503060df,2026-07-20T21:20:33Z
run_1@HECHMS,HECHMS,domain_Bow_at_Banff_lumped_era5,KGE,0.8525165733,980,2026-07-20T21:18:17Z,0.9.2,503060df,2026-07-20T21:20:33Z
run_1@SACSMA,SACSMA,domain_Bow_at_Banff_lumped_era5,KGE,0.8816839133,1935,2026-07-21T19:26:53Z,0.9.2,6ea0d4d7,2026-07-21T19:30:05Z
run_1@SUMMA,SUMMA,domain_Bow_at_Banff_lumped_era5,KGE,0.7914004438,933,2026-07-21T02:05:25Z,0.9.2,f838e8ce,2026-07-21T02:06:24Z
run_1@SWAT,SWAT,domain_Bow_at_Banff_lumped_era5,KGE,0.7817125898,977,2026-07-21T02:08:15Z,0.9.2,64466f75,2026-07-21T02:16:40Z
run_1@TOPMODEL,TOPMODEL,domain_Bow_at_Banff_lumped_era5,KGE,0.9533931996,752,2026-07-21T14:20:38Z,0.9.2,d2261f02,2026-07-21T14:20:49Z
run_1@XINANJIANG,XINANJIANG,domain_Bow_at_Banff_lumped_era5,KGE,0.914235444,986,2026-07-21T14:40:17Z,0.9.2,eab1550e,2026-07-21T14:42:03Z
