experiment_id,model,domain,metric,best_score,eval_score,best_iteration,run_completed,symfluence_version,code_commit,collected_at
bow_exp1_streamflow_only@SUMMA,SUMMA,domain_Bow_at_Banff_multivar,KGE,0.8166041796,0.8123857403,1952,2026-07-20T21:17:58Z,0.9.2,09b7e092,2026-07-21T13:00:15Z
bow_exp2_tws_only@SUMMA,SUMMA,domain_Bow_at_Banff_multivar,CORRELATION,0.9211727665,,1524,2026-07-21T11:04:16Z,0.9.2,09b7e092,2026-07-21T12:44:45Z
bow_exp3_joint@SUMMA,SUMMA,domain_Bow_at_Banff_multivar,KGE,0.8429568879,0.8281991712,50,2026-07-19T11:22:05Z,0.9.2,09b7e092,2026-07-21T13:00:15Z
bow_exp4_moead_joint@SUMMA,SUMMA,domain_Bow_at_Banff_multivar,KGE,0.8669878318,0.8408088349,49,2026-07-20T08:45:35Z,0.9.2,09b7e092,2026-07-21T13:00:15Z
cal_ensemble_fuse_abc@FUSE,FUSE,domain_Bow_at_Banff_lumped_calibration_ensemble,KGE,0.8705254793,0.8347306848,3,2026-07-18T16:33:24Z,0.9.2,09b7e092,2026-07-21T13:00:15Z
cal_ensemble_fuse_basin_hopping@FUSE,FUSE,domain_Bow_at_Banff_lumped_calibration_ensemble,KGE,0.8625203967,0.8652421236,17,2026-07-18T17:37:17Z,0.9.2,09b7e092,2026-07-21T13:00:15Z
cal_ensemble_fuse_bayesian_opt@FUSE,FUSE,domain_Bow_at_Banff_lumped_calibration_ensemble,KGE,0.8355669379,0.8334803581,43,2026-07-18T14:18:01Z,0.9.2,09b7e092,2026-07-21T13:00:15Z
cal_ensemble_fuse_cmaes@FUSE,FUSE,domain_Bow_at_Banff_lumped_calibration_ensemble,KGE,0.9090390801,0.8544833064,41,2026-07-18T18:07:07Z,0.9.2,09b7e092,2026-07-21T13:00:15Z
cal_ensemble_fuse_dds@FUSE,FUSE,domain_Bow_at_Banff_lumped_calibration_ensemble,KGE,0.9096380472,0.8460569382,762,2026-07-19T00:32:49Z,0.9.2,09b7e092,2026-07-21T13:00:15Z
cal_ensemble_fuse_de@FUSE,FUSE,domain_Bow_at_Banff_lumped_calibration_ensemble,KGE,0.9084877968,0.8656107187,50,2026-07-18T12:23:03Z,0.9.2,09b7e092,2026-07-21T13:00:15Z
cal_ensemble_fuse_dream@FUSE,FUSE,domain_Bow_at_Banff_lumped_calibration_ensemble,KGE,0.8727130294,0.8364936113,2,2026-07-18T15:07:01Z,0.9.2,09b7e092,2026-07-21T13:00:15Z
cal_ensemble_fuse_ga@FUSE,FUSE,domain_Bow_at_Banff_lumped_calibration_ensemble,KGE,0.8872084022,0.8523160815,50,2026-07-18T13:12:08Z,0.9.2,09b7e092,2026-07-21T13:00:15Z
cal_ensemble_fuse_glue@FUSE,FUSE,domain_Bow_at_Banff_lumped_calibration_ensemble,KGE,0.8514688015,0.8580605984,7,2026-07-18T15:50:26Z,0.9.2,09b7e092,2026-07-21T13:00:15Z
cal_ensemble_fuse_moead@FUSE,FUSE,domain_Bow_at_Banff_lumped_calibration_ensemble,KGE,0.9046043158,0.875861764,20,2026-07-18T17:05:15Z,0.9.2,09b7e092,2026-07-21T13:00:15Z
cal_ensemble_fuse_nelder_mead@FUSE,FUSE,domain_Bow_at_Banff_lumped_calibration_ensemble,KGE,0.8949873447,0.8497840762,998,2026-07-18T18:31:50Z,0.9.2,09b7e092,2026-07-21T13:00:15Z
cal_ensemble_fuse_nsga2@FUSE,FUSE,domain_Bow_at_Banff_lumped_calibration_ensemble,KGE,0.8981915712,0.8632305861,19,2026-07-18T18:54:31Z,0.9.2,09b7e092,2026-07-21T13:00:15Z
cal_ensemble_fuse_pso@FUSE,FUSE,domain_Bow_at_Banff_lumped_calibration_ensemble,KGE,0.9103204608,0.8465498686,49,2026-07-18T12:44:55Z,0.9.2,09b7e092,2026-07-21T13:00:15Z
cal_ensemble_fuse_sa@FUSE,FUSE,domain_Bow_at_Banff_lumped_calibration_ensemble,KGE,0.8919300437,0.8449432254,41,2026-07-18T19:12:19Z,0.9.2,09b7e092,2026-07-21T13:00:15Z
cal_ensemble_fuse_sceua@FUSE,FUSE,domain_Bow_at_Banff_lumped_calibration_ensemble,KGE,0.8908180594,0.8412081599,5,2026-07-18T19:31:33Z,0.9.2,09b7e092,2026-07-21T13:00:15Z
cal_ensemble_hbv_abc@HBV,HBV,domain_Bow_at_Banff_lumped_calibration_ensemble,KGE,0.8881217035,0.6989200805,10,2026-07-18T11:44:03Z,0.9.2,09b7e092,2026-07-21T13:00:15Z
cal_ensemble_hbv_adam@HBV,HBV,domain_Bow_at_Banff_lumped_calibration_ensemble,KGE,0.9372688532,0.6852551701,152,2026-07-18T13:15:48Z,0.9.2,09b7e092,2026-07-21T13:00:15Z
cal_ensemble_hbv_basin_hopping@HBV,HBV,domain_Bow_at_Banff_lumped_calibration_ensemble,KGE,0.9004938319,0.8805386002,3,2026-07-18T16:45:45Z,0.9.2,09b7e092,2026-07-21T13:00:15Z
cal_ensemble_hbv_bayesian_opt@HBV,HBV,domain_Bow_at_Banff_lumped_calibration_ensemble,KGE,0.8918683071,0.7997948861,30,2026-07-18T12:41:41Z,0.9.2,09b7e092,2026-07-21T13:00:15Z
cal_ensemble_hbv_cmaes@HBV,HBV,domain_Bow_at_Banff_lumped_calibration_ensemble,KGE,0.9179882462,0.8097308001,45,2026-07-18T16:53:51Z,0.9.2,09b7e092,2026-07-21T13:00:15Z
cal_ensemble_hbv_dds@HBV,HBV,domain_Bow_at_Banff_lumped_calibration_ensemble,KGE,0.9383386175,0.7808241375,871,2026-07-18T11:50:08Z,0.9.2,09b7e092,2026-07-21T13:00:15Z
cal_ensemble_hbv_de@HBV,HBV,domain_Bow_at_Banff_lumped_calibration_ensemble,KGE,0.9090824481,0.7647987197,30,2026-07-18T12:02:18Z,0.9.2,09b7e092,2026-07-21T13:00:15Z
cal_ensemble_hbv_dream@HBV,HBV,domain_Bow_at_Banff_lumped_calibration_ensemble,KGE,0.9078622341,0.8417065986,20,2026-07-18T12:48:43Z,0.9.2,09b7e092,2026-07-21T13:00:15Z
cal_ensemble_hbv_ga@HBV,HBV,domain_Bow_at_Banff_lumped_calibration_ensemble,KGE,0.9179391085,0.7752608098,50,2026-07-18T12:37:06Z,0.9.2,09b7e092,2026-07-21T13:00:15Z
cal_ensemble_hbv_glue@HBV,HBV,domain_Bow_at_Banff_lumped_calibration_ensemble,KGE,0.9070656518,0.7280803079,1,2026-07-18T12:56:21Z,0.9.2,09b7e092,2026-07-21T13:00:15Z
cal_ensemble_hbv_lbfgs@HBV,HBV,domain_Bow_at_Banff_lumped_calibration_ensemble,KGE,0.9153503711,0.8228265467,124,2026-07-18T16:35:18Z,0.9.2,09b7e092,2026-07-21T13:00:15Z
cal_ensemble_hbv_moead@HBV,HBV,domain_Bow_at_Banff_lumped_calibration_ensemble,KGE,0.9271690408,0.777128436,19,2026-07-18T13:04:35Z,0.9.2,09b7e092,2026-07-21T13:00:15Z
cal_ensemble_hbv_nelder_mead@HBV,HBV,domain_Bow_at_Banff_lumped_calibration_ensemble,KGE,0.9422489696,0.7905074753,999,2026-07-18T17:03:31Z,0.9.2,09b7e092,2026-07-21T13:00:15Z
cal_ensemble_hbv_nsga2@HBV,HBV,domain_Bow_at_Banff_lumped_calibration_ensemble,KGE,0.7261799528,0.7450586977,0,2026-07-18T17:14:14Z,0.9.2,09b7e092,2026-07-21T13:00:15Z
cal_ensemble_hbv_pso@HBV,HBV,domain_Bow_at_Banff_lumped_calibration_ensemble,KGE,0.9291632175,0.7862205937,45,2026-07-18T12:19:02Z,0.9.2,09b7e092,2026-07-21T13:00:15Z
cal_ensemble_hbv_sa@HBV,HBV,domain_Bow_at_Banff_lumped_calibration_ensemble,KGE,0.9157386848,0.7676862878,96,2026-07-18T17:22:21Z,0.9.2,09b7e092,2026-07-21T13:00:15Z
cal_ensemble_hbv_sceua@HBV,HBV,domain_Bow_at_Banff_lumped_calibration_ensemble,KGE,0.9161990579,0.7978076616,7,2026-07-18T17:29:37Z,0.9.2,09b7e092,2026-07-21T13:00:15Z
cal_ensemble_hechms_abc@HECHMS,HECHMS,domain_Bow_at_Banff_lumped_calibration_ensemble,KGE,0.8510982763,,14,2026-07-18T13:04:30Z,0.9.2,09b7e092,2026-07-21T12:44:45Z
cal_ensemble_hechms_adam@HECHMS,HECHMS,domain_Bow_at_Banff_lumped_calibration_ensemble,KGE,0.8941690326,,463,2026-07-18T13:39:50Z,0.9.2,09b7e092,2026-07-21T12:44:45Z
cal_ensemble_hechms_basin_hopping@HECHMS,HECHMS,domain_Bow_at_Banff_lumped_calibration_ensemble,KGE,0.8295194627,,14,2026-07-18T18:19:18Z,0.9.2,09b7e092,2026-07-21T12:44:45Z
cal_ensemble_hechms_bayesian_opt@HECHMS,HECHMS,domain_Bow_at_Banff_lumped_calibration_ensemble,KGE,0.6584035797,,42,2026-07-18T12:41:52Z,0.9.2,09b7e092,2026-07-21T12:44:45Z
cal_ensemble_hechms_cmaes@HECHMS,HECHMS,domain_Bow_at_Banff_lumped_calibration_ensemble,KGE,0.8787984915,,50,2026-07-18T18:25:06Z,0.9.2,09b7e092,2026-07-21T12:44:45Z
cal_ensemble_hechms_dds@HECHMS,HECHMS,domain_Bow_at_Banff_lumped_calibration_ensemble,KGE,0.9069368219,,975,2026-07-18T11:49:49Z,0.9.2,09b7e092,2026-07-21T12:44:45Z
cal_ensemble_hechms_de@HECHMS,HECHMS,domain_Bow_at_Banff_lumped_calibration_ensemble,KGE,0.9127301252,,49,2026-07-18T12:06:11Z,0.9.2,09b7e092,2026-07-21T12:44:45Z
cal_ensemble_hechms_dream@HECHMS,HECHMS,domain_Bow_at_Banff_lumped_calibration_ensemble,KGE,0.8330177411,,7,2026-07-18T12:48:34Z,0.9.2,09b7e092,2026-07-21T12:44:45Z
cal_ensemble_hechms_ga@HECHMS,HECHMS,domain_Bow_at_Banff_lumped_calibration_ensemble,KGE,0.8408988972,,50,2026-07-18T12:36:49Z,0.9.2,09b7e092,2026-07-21T12:44:45Z
cal_ensemble_hechms_glue@HECHMS,HECHMS,domain_Bow_at_Banff_lumped_calibration_ensemble,KGE,0.7419959709,,4,2026-07-18T12:55:46Z,0.9.2,09b7e092,2026-07-21T12:44:45Z
cal_ensemble_hechms_lbfgs@HECHMS,HECHMS,domain_Bow_at_Banff_lumped_calibration_ensemble,KGE,0.8591157899,,124,2026-07-18T18:11:58Z,0.9.2,09b7e092,2026-07-21T12:44:45Z
cal_ensemble_hechms_moead@HECHMS,HECHMS,domain_Bow_at_Banff_lumped_calibration_ensemble,KGE,0.8921222469,,20,2026-07-18T13:14:37Z,0.9.2,09b7e092,2026-07-21T12:44:45Z
cal_ensemble_hechms_nelder_mead@HECHMS,HECHMS,domain_Bow_at_Banff_lumped_calibration_ensemble,KGE,0.900696312,,996,2026-07-18T18:31:25Z,0.9.2,09b7e092,2026-07-21T12:44:45Z
cal_ensemble_hechms_nsga2@HECHMS,HECHMS,domain_Bow_at_Banff_lumped_calibration_ensemble,KGE,0.8762709471,,20,2026-07-18T18:40:23Z,0.9.2,09b7e092,2026-07-21T12:44:45Z
cal_ensemble_hechms_pso@HECHMS,HECHMS,domain_Bow_at_Banff_lumped_calibration_ensemble,KGE,0.8906192369,,50,2026-07-18T12:24:29Z,0.9.2,09b7e092,2026-07-21T12:44:45Z
cal_ensemble_hechms_sa@HECHMS,HECHMS,domain_Bow_at_Banff_lumped_calibration_ensemble,KGE,0.7716538119,,95,2026-07-18T18:46:02Z,0.9.2,09b7e092,2026-07-21T12:44:45Z
cal_ensemble_hechms_sceua@HECHMS,HECHMS,domain_Bow_at_Banff_lumped_calibration_ensemble,KGE,0.7602747698,,0,2026-07-18T18:50:52Z,0.9.2,09b7e092,2026-07-21T12:44:45Z
cal_ensemble_hype_abc@HYPE,HYPE,domain_Bow_at_Banff_lumped_calibration_ensemble,KGE,0.6860326615,0.3288984749,10,2026-07-18T15:32:09Z,0.9.2,09b7e092,2026-07-21T13:00:15Z
cal_ensemble_hype_basin_hopping@HYPE,HYPE,domain_Bow_at_Banff_lumped_calibration_ensemble,KGE,0.3557025878,0.2634358067,13,2026-07-18T17:00:25Z,0.9.2,09b7e092,2026-07-21T13:00:15Z
cal_ensemble_hype_bayesian_opt@HYPE,HYPE,domain_Bow_at_Banff_lumped_calibration_ensemble,KGE,0.4743792383,0.4007702144,44,2026-07-18T13:11:47Z,0.9.2,09b7e092,2026-07-21T13:00:15Z
cal_ensemble_hype_cmaes@HYPE,HYPE,domain_Bow_at_Banff_lumped_calibration_ensemble,KGE,0.8133238668,0.7517151607,49,2026-07-18T17:26:15Z,0.9.2,09b7e092,2026-07-21T13:00:15Z
cal_ensemble_hype_dds@HYPE,HYPE,domain_Bow_at_Banff_lumped_calibration_ensemble,KGE,0.8493889163,0.7599212293,950,2026-07-18T12:01:18Z,0.9.2,09b7e092,2026-07-21T13:00:15Z
cal_ensemble_hype_de@HYPE,HYPE,domain_Bow_at_Banff_lumped_calibration_ensemble,KGE,0.8066612466,0.7086156283,45,2026-07-18T12:20:37Z,0.9.2,09b7e092,2026-07-21T13:00:15Z
cal_ensemble_hype_dream@HYPE,HYPE,domain_Bow_at_Banff_lumped_calibration_ensemble,KGE,0.3717111523,0.2445820639,5,2026-07-18T14:10:34Z,0.9.2,09b7e092,2026-07-21T13:00:15Z
cal_ensemble_hype_ga@HYPE,HYPE,domain_Bow_at_Banff_lumped_calibration_ensemble,KGE,0.7414164482,0.7410412307,49,2026-07-18T13:05:40Z,0.9.2,09b7e092,2026-07-21T13:00:15Z
cal_ensemble_hype_glue@HYPE,HYPE,domain_Bow_at_Banff_lumped_calibration_ensemble,KGE,0.3168847296,0.1355439895,1,2026-07-18T14:47:50Z,0.9.2,09b7e092,2026-07-21T13:00:15Z
cal_ensemble_hype_moead@HYPE,HYPE,domain_Bow_at_Banff_lumped_calibration_ensemble,KGE,0.7847502819,0.7488101365,20,2026-07-18T16:17:37Z,0.9.2,09b7e092,2026-07-21T13:00:15Z
cal_ensemble_hype_nelder_mead@HYPE,HYPE,domain_Bow_at_Banff_lumped_calibration_ensemble,KGE,0.7070652081,0.7614997932,999,2026-07-18T18:00:21Z,0.9.2,09b7e092,2026-07-21T13:00:15Z
cal_ensemble_hype_nsga2@HYPE,HYPE,domain_Bow_at_Banff_lumped_calibration_ensemble,KGE,0.8437359817,0.8116249399,19,2026-07-18T18:26:20Z,0.9.2,09b7e092,2026-07-21T13:00:15Z
cal_ensemble_hype_pso@HYPE,HYPE,domain_Bow_at_Banff_lumped_calibration_ensemble,KGE,0.5919685644,0.5670203295,49,2026-07-18T12:40:43Z,0.9.2,09b7e092,2026-07-21T13:00:15Z
cal_ensemble_hype_sa@HYPE,HYPE,domain_Bow_at_Banff_lumped_calibration_ensemble,KGE,0.5760210129,0.5474682875,92,2026-07-18T18:46:20Z,0.9.2,09b7e092,2026-07-21T13:00:15Z
cal_ensemble_hype_sceua@HYPE,HYPE,domain_Bow_at_Banff_lumped_calibration_ensemble,KGE,0.8254454359,0.7616630983,7,2026-07-18T18:59:11Z,0.9.2,09b7e092,2026-07-21T13:00:15Z
cal_ensemble_sacsma_abc@SACSMA,SACSMA,domain_Bow_at_Banff_lumped_calibration_ensemble,KGE,0.419348767,0.4126193523,4,2026-07-18T13:14:50Z,0.9.2,09b7e092,2026-07-21T13:00:15Z
cal_ensemble_sacsma_adam@SACSMA,SACSMA,domain_Bow_at_Banff_lumped_calibration_ensemble,KGE,0.8449044824,0.7716568708,499,2026-07-18T14:12:33Z,0.9.2,09b7e092,2026-07-21T13:00:15Z
cal_ensemble_sacsma_basin_hopping@SACSMA,SACSMA,domain_Bow_at_Banff_lumped_calibration_ensemble,KGE,-0.9174050914,-1.765974045,11,2026-07-18T22:57:44Z,0.9.2,09b7e092,2026-07-21T13:00:15Z
cal_ensemble_sacsma_bayesian_opt@SACSMA,SACSMA,domain_Bow_at_Banff_lumped_calibration_ensemble,KGE,-0.1450767496,-0.8041071892,7,2026-07-18T12:46:41Z,0.9.2,09b7e092,2026-07-21T13:00:15Z
cal_ensemble_sacsma_cmaes@SACSMA,SACSMA,domain_Bow_at_Banff_lumped_calibration_ensemble,KGE,0.8120629844,0.6719058156,49,2026-07-18T23:03:03Z,0.9.2,09b7e092,2026-07-21T13:00:15Z
cal_ensemble_sacsma_dds@SACSMA,SACSMA,domain_Bow_at_Banff_lumped_calibration_ensemble,KGE,0.8479250141,0.695346117,1000,2026-07-18T11:51:39Z,0.9.2,09b7e092,2026-07-21T13:00:15Z
cal_ensemble_sacsma_de@SACSMA,SACSMA,domain_Bow_at_Banff_lumped_calibration_ensemble,KGE,0.8384761415,0.6943405271,42,2026-07-18T12:10:11Z,0.9.2,09b7e092,2026-07-21T13:00:15Z
cal_ensemble_sacsma_dream@SACSMA,SACSMA,domain_Bow_at_Banff_lumped_calibration_ensemble,KGE,0.5971190494,0.4124291539,7,2026-07-18T12:56:22Z,0.9.2,09b7e092,2026-07-21T13:00:15Z
cal_ensemble_sacsma_ga@SACSMA,SACSMA,domain_Bow_at_Banff_lumped_calibration_ensemble,KGE,0.8019416982,0.706897974,50,2026-07-18T12:38:34Z,0.9.2,09b7e092,2026-07-21T13:00:15Z
cal_ensemble_sacsma_glue@SACSMA,SACSMA,domain_Bow_at_Banff_lumped_calibration_ensemble,KGE,0.1825899444,0.01386147738,6,2026-07-18T13:06:12Z,0.9.2,09b7e092,2026-07-21T13:00:15Z
cal_ensemble_sacsma_lbfgs@SACSMA,SACSMA,domain_Bow_at_Banff_lumped_calibration_ensemble,KGE,0.8292279572,0.6784163713,124,2026-07-18T22:49:18Z,0.9.2,09b7e092,2026-07-21T13:00:15Z
cal_ensemble_sacsma_moead@SACSMA,SACSMA,domain_Bow_at_Banff_lumped_calibration_ensemble,KGE,0.2713557221,0.2726845145,17,2026-07-18T13:41:50Z,0.9.2,09b7e092,2026-07-21T13:00:15Z
cal_ensemble_sacsma_nelder_mead@SACSMA,SACSMA,domain_Bow_at_Banff_lumped_calibration_ensemble,KGE,0.1300620642,0.03661686182,989,2026-07-18T23:09:20Z,0.9.2,09b7e092,2026-07-21T13:00:15Z
cal_ensemble_sacsma_nsga2@SACSMA,SACSMA,domain_Bow_at_Banff_lumped_calibration_ensemble,KGE,0.7377741783,0.6722432375,20,2026-07-18T23:17:43Z,0.9.2,09b7e092,2026-07-21T13:00:15Z
cal_ensemble_sacsma_pso@SACSMA,SACSMA,domain_Bow_at_Banff_lumped_calibration_ensemble,KGE,0.31682838,0.3340412974,50,2026-07-18T12:27:00Z,0.9.2,09b7e092,2026-07-21T13:00:15Z
cal_ensemble_sacsma_sa@SACSMA,SACSMA,domain_Bow_at_Banff_lumped_calibration_ensemble,KGE,0.8116276314,0.6737371087,74,2026-07-18T23:22:45Z,0.9.2,09b7e092,2026-07-21T13:00:15Z
cal_ensemble_sacsma_sceua@SACSMA,SACSMA,domain_Bow_at_Banff_lumped_calibration_ensemble,KGE,0.4514088533,0.330698967,4,2026-07-18T23:26:57Z,0.9.2,09b7e092,2026-07-21T13:00:15Z
cal_ensemble_summa_abc@SUMMA,SUMMA,domain_Bow_at_Banff_lumped_calibration_ensemble,KGE,0.8892287837,0.8621719734,16,2026-07-20T02:25:22Z,0.9.2,09b7e092,2026-07-21T13:00:15Z
cal_ensemble_summa_basin_hopping@SUMMA,SUMMA,domain_Bow_at_Banff_lumped_calibration_ensemble,KGE,0.8624532408,0.8275634425,3,2026-07-20T16:05:42Z,0.9.2,09b7e092,2026-07-21T13:00:15Z
cal_ensemble_summa_bayesian_opt@SUMMA,SUMMA,domain_Bow_at_Banff_lumped_calibration_ensemble,KGE,0.701213525,0.6885856138,42,2026-07-19T10:01:30Z,0.9.2,09b7e092,2026-07-21T13:00:15Z
cal_ensemble_summa_cmaes@SUMMA,SUMMA,domain_Bow_at_Banff_lumped_calibration_ensemble,KGE,0.8796591257,0.8483347767,48,2026-07-20T20:39:10Z,0.9.2,09b7e092,2026-07-21T13:00:15Z
cal_ensemble_summa_dds@SUMMA,SUMMA,domain_Bow_at_Banff_lumped_calibration_ensemble,KGE,0.8849825882,0.8501798386,922,2026-07-18T20:50:47Z,0.9.2,09b7e092,2026-07-21T13:00:15Z
cal_ensemble_summa_de@SUMMA,SUMMA,domain_Bow_at_Banff_lumped_calibration_ensemble,KGE,0.889581857,0.8623504311,44,2026-07-19T01:27:44Z,0.9.2,09b7e092,2026-07-21T13:00:15Z
cal_ensemble_summa_dream@SUMMA,SUMMA,domain_Bow_at_Banff_lumped_calibration_ensemble,KGE,0.8664971042,0.8313658104,16,2026-07-19T14:45:52Z,0.9.2,09b7e092,2026-07-21T13:00:15Z
cal_ensemble_summa_ga@SUMMA,SUMMA,domain_Bow_at_Banff_lumped_calibration_ensemble,KGE,0.8838869724,0.8544142876,49,2026-07-19T09:40:03Z,0.9.2,09b7e092,2026-07-21T13:00:15Z
cal_ensemble_summa_moead@SUMMA,SUMMA,domain_Bow_at_Banff_lumped_calibration_ensemble,KGE,0.8683622795,0.8341853323,19,2026-07-20T07:30:43Z,0.9.2,09b7e092,2026-07-21T13:00:15Z
cal_ensemble_summa_nelder_mead@SUMMA,SUMMA,domain_Bow_at_Banff_lumped_calibration_ensemble,KGE,0.8887018771,0.8599651694,431,2026-07-21T02:45:07Z,0.9.2,09b7e092,2026-07-21T13:00:15Z
cal_ensemble_summa_nsga2@SUMMA,SUMMA,domain_Bow_at_Banff_lumped_calibration_ensemble,KGE,0.8874834832,0.8591158019,19,2026-07-21T07:15:14Z,0.9.2,09b7e092,2026-07-21T13:00:15Z
cal_ensemble_summa_pso@SUMMA,SUMMA,domain_Bow_at_Banff_lumped_calibration_ensemble,KGE,0.8896497734,0.8620248344,50,2026-07-19T05:35:20Z,0.9.2,09b7e092,2026-07-21T13:00:15Z
cal_ensemble_summa_sa@SUMMA,SUMMA,domain_Bow_at_Banff_lumped_calibration_ensemble,KGE,0.8733915199,0.8435096632,65,2026-07-21T13:18:04Z,0.9.2,66bf4f87,2026-07-21T14:05:30Z
cal_ensemble_topmodel_abc@TOPMODEL,TOPMODEL,domain_Bow_at_Banff_lumped_calibration_ensemble,KGE,0.7589222018,0.5007296227,3,2026-07-18T12:59:25Z,0.9.2,09b7e092,2026-07-21T13:00:15Z
cal_ensemble_topmodel_adam@TOPMODEL,TOPMODEL,domain_Bow_at_Banff_lumped_calibration_ensemble,KGE,0.7206358314,0.5753684897,58,2026-07-18T13:14:53Z,0.9.2,09b7e092,2026-07-21T13:00:15Z
cal_ensemble_topmodel_basin_hopping@TOPMODEL,TOPMODEL,domain_Bow_at_Banff_lumped_calibration_ensemble,KGE,0.6970799174,0.4108844915,15,2026-07-18T15:46:29Z,0.9.2,09b7e092,2026-07-21T13:00:15Z
cal_ensemble_topmodel_bayesian_opt@TOPMODEL,TOPMODEL,domain_Bow_at_Banff_lumped_calibration_ensemble,KGE,0.5815626156,0.5159129557,46,2026-07-18T12:41:18Z,0.9.2,09b7e092,2026-07-21T13:00:15Z
cal_ensemble_topmodel_cmaes@TOPMODEL,TOPMODEL,domain_Bow_at_Banff_lumped_calibration_ensemble,KGE,0.8513011911,0.5033592596,40,2026-07-18T15:54:14Z,0.9.2,09b7e092,2026-07-21T13:00:15Z
cal_ensemble_topmodel_dds@TOPMODEL,TOPMODEL,domain_Bow_at_Banff_lumped_calibration_ensemble,KGE,0.8376600563,0.5175981941,996,2026-07-18T11:55:43Z,0.9.2,09b7e092,2026-07-21T13:00:15Z
cal_ensemble_topmodel_de@TOPMODEL,TOPMODEL,domain_Bow_at_Banff_lumped_calibration_ensemble,KGE,0.8506769748,0.5080731409,49,2026-07-18T12:12:14Z,0.9.2,09b7e092,2026-07-21T13:00:15Z
cal_ensemble_topmodel_dream@TOPMODEL,TOPMODEL,domain_Bow_at_Banff_lumped_calibration_ensemble,KGE,0.6935058049,0.5870502999,2,2026-07-18T12:47:11Z,0.9.2,09b7e092,2026-07-21T13:00:15Z
cal_ensemble_topmodel_ga@TOPMODEL,TOPMODEL,domain_Bow_at_Banff_lumped_calibration_ensemble,KGE,0.7930715333,0.5692873981,50,2026-07-18T12:36:42Z,0.9.2,09b7e092,2026-07-21T13:00:15Z
cal_ensemble_topmodel_glue@TOPMODEL,TOPMODEL,domain_Bow_at_Banff_lumped_calibration_ensemble,KGE,0.7193037271,0.5891437191,6,2026-07-18T12:53:44Z,0.9.2,09b7e092,2026-07-21T13:00:15Z
cal_ensemble_topmodel_lbfgs@TOPMODEL,TOPMODEL,domain_Bow_at_Banff_lumped_calibration_ensemble,KGE,0.6448667281,0.5459726573,122,2026-07-18T15:36:17Z,0.9.2,09b7e092,2026-07-21T13:00:15Z
cal_ensemble_topmodel_moead@TOPMODEL,TOPMODEL,domain_Bow_at_Banff_lumped_calibration_ensemble,KGE,0.8180535638,0.5504105713,20,2026-07-18T13:06:17Z,0.9.2,09b7e092,2026-07-21T13:00:15Z
cal_ensemble_topmodel_nelder_mead@TOPMODEL,TOPMODEL,domain_Bow_at_Banff_lumped_calibration_ensemble,KGE,0.6604555234,0.5774748373,996,2026-07-18T16:03:29Z,0.9.2,09b7e092,2026-07-21T13:00:15Z
cal_ensemble_topmodel_nsga2@TOPMODEL,TOPMODEL,domain_Bow_at_Banff_lumped_calibration_ensemble,KGE,0.6374693898,0.559262944,0,2026-07-18T16:13:08Z,0.9.2,09b7e092,2026-07-21T13:00:15Z
cal_ensemble_topmodel_pso@TOPMODEL,TOPMODEL,domain_Bow_at_Banff_lumped_calibration_ensemble,KGE,0.8520026136,0.4946201562,49,2026-07-18T12:30:02Z,0.9.2,09b7e092,2026-07-21T13:00:15Z
cal_ensemble_topmodel_sa@TOPMODEL,TOPMODEL,domain_Bow_at_Banff_lumped_calibration_ensemble,KGE,0.8188598522,0.5448891411,100,2026-07-18T16:20:09Z,0.9.2,09b7e092,2026-07-21T13:00:15Z
cal_ensemble_topmodel_sceua@TOPMODEL,TOPMODEL,domain_Bow_at_Banff_lumped_calibration_ensemble,KGE,0.8168125613,0.5465206574,7,2026-07-18T16:26:26Z,0.9.2,09b7e092,2026-07-21T13:00:15Z
cal_ensemble_xinanjiang_abc@XINANJIANG,XINANJIANG,domain_Bow_at_Banff_lumped_calibration_ensemble,KGE,0.6842316704,0.5987744331,3,2026-07-18T13:24:04Z,0.9.2,09b7e092,2026-07-21T13:00:15Z
cal_ensemble_xinanjiang_adam@XINANJIANG,XINANJIANG,domain_Bow_at_Banff_lumped_calibration_ensemble,KGE,0.8975481987,0.7878574133,499,2026-07-18T14:08:36Z,0.9.2,09b7e092,2026-07-21T13:00:15Z
cal_ensemble_xinanjiang_basin_hopping@XINANJIANG,XINANJIANG,domain_Bow_at_Banff_lumped_calibration_ensemble,KGE,0.473811432,0.3139211535,1,2026-07-18T23:29:13Z,0.9.2,09b7e092,2026-07-21T13:00:15Z
cal_ensemble_xinanjiang_bayesian_opt@XINANJIANG,XINANJIANG,domain_Bow_at_Banff_lumped_calibration_ensemble,KGE,0.5015293034,0.4297773838,46,2026-07-18T12:53:25Z,0.9.2,09b7e092,2026-07-21T13:00:15Z
cal_ensemble_xinanjiang_cmaes@XINANJIANG,XINANJIANG,domain_Bow_at_Banff_lumped_calibration_ensemble,KGE,0.8318243565,0.655937314,42,2026-07-18T23:34:11Z,0.9.2,09b7e092,2026-07-21T13:00:15Z
cal_ensemble_xinanjiang_dds@XINANJIANG,XINANJIANG,domain_Bow_at_Banff_lumped_calibration_ensemble,KGE,0.9051344756,0.7328890562,986,2026-07-18T12:00:13Z,0.9.2,09b7e092,2026-07-21T13:00:15Z
cal_ensemble_xinanjiang_de@XINANJIANG,XINANJIANG,domain_Bow_at_Banff_lumped_calibration_ensemble,KGE,0.8698353771,0.7422741652,41,2026-07-18T12:19:31Z,0.9.2,09b7e092,2026-07-21T13:00:15Z
cal_ensemble_xinanjiang_dream@XINANJIANG,XINANJIANG,domain_Bow_at_Banff_lumped_calibration_ensemble,KGE,0.6497357414,0.4263167381,14,2026-07-18T13:04:28Z,0.9.2,09b7e092,2026-07-21T13:00:15Z
cal_ensemble_xinanjiang_ga@XINANJIANG,XINANJIANG,domain_Bow_at_Banff_lumped_calibration_ensemble,KGE,0.8227399797,0.7169665098,50,2026-07-18T12:44:37Z,0.9.2,09b7e092,2026-07-21T13:00:15Z
cal_ensemble_xinanjiang_glue@XINANJIANG,XINANJIANG,domain_Bow_at_Banff_lumped_calibration_ensemble,KGE,0.5510758128,0.3358642459,1,2026-07-18T13:15:17Z,0.9.2,09b7e092,2026-07-21T13:00:15Z
cal_ensemble_xinanjiang_lbfgs@XINANJIANG,XINANJIANG,domain_Bow_at_Banff_lumped_calibration_ensemble,KGE,0.8048351046,0.6383078098,124,2026-07-18T23:21:15Z,0.9.2,09b7e092,2026-07-21T13:00:15Z
cal_ensemble_xinanjiang_moead@XINANJIANG,XINANJIANG,domain_Bow_at_Banff_lumped_calibration_ensemble,KGE,0.8912042412,0.7634915709,20,2026-07-18T13:40:40Z,0.9.2,09b7e092,2026-07-21T13:00:15Z
cal_ensemble_xinanjiang_nelder_mead@XINANJIANG,XINANJIANG,domain_Bow_at_Banff_lumped_calibration_ensemble,KGE,0.8834487551,0.7033485174,1000,2026-07-18T23:39:59Z,0.9.2,09b7e092,2026-07-21T13:00:15Z
cal_ensemble_xinanjiang_nsga2@XINANJIANG,XINANJIANG,domain_Bow_at_Banff_lumped_calibration_ensemble,KGE,0.2858726716,0.2769976258,0,2026-07-18T23:47:22Z,0.9.2,09b7e092,2026-07-21T13:00:15Z
cal_ensemble_xinanjiang_pso@XINANJIANG,XINANJIANG,domain_Bow_at_Banff_lumped_calibration_ensemble,KGE,0.807361399,0.6624712944,47,2026-07-18T12:36:07Z,0.9.2,09b7e092,2026-07-21T13:00:15Z
cal_ensemble_xinanjiang_sa@XINANJIANG,XINANJIANG,domain_Bow_at_Banff_lumped_calibration_ensemble,KGE,0.8808591734,0.7361970544,64,2026-07-18T23:52:14Z,0.9.2,09b7e092,2026-07-21T13:00:15Z
cal_ensemble_xinanjiang_sceua@XINANJIANG,XINANJIANG,domain_Bow_at_Banff_lumped_calibration_ensemble,KGE,0.7832498342,0.6540364027,4,2026-07-18T23:55:48Z,0.9.2,09b7e092,2026-07-21T13:00:15Z
forcing_ensemble_aorc@SUMMA,SUMMA,domain_paradise_snotel_wa,RMSE,-306.0443081,1045.356716,998,2026-07-18T18:22:27Z,0.9.2,09b7e092,2026-07-21T13:00:15Z
forcing_ensemble_conus404@SUMMA,SUMMA,domain_paradise_snotel_wa,RMSE,-305.397516,343.6684064,291,2026-07-18T21:43:53Z,0.9.2,09b7e092,2026-07-21T13:00:15Z
forcing_ensemble_rdrs@SUMMA,SUMMA,domain_paradise_snotel_wa,RMSE,-208.5905929,323.8822515,971,2026-07-19T06:24:41Z,0.9.2,09b7e092,2026-07-21T13:00:15Z
run_1@CRHM,CRHM,domain_Bow_at_Banff_lumped_era5,KGE,0.9317574681,0.9317574681,992,2026-07-20T19:26:10Z,0.9.2,09b7e092,2026-07-21T13:00:15Z
run_1@FUSE,FUSE,domain_Bow_at_Banff_lumped_era5,KGE,0.9402980208,0.7878607512,4318,2026-07-20T19:27:39Z,0.9.2,09b7e092,2026-07-21T13:00:15Z
run_1@GR,GR,domain_Bow_at_Banff_lumped_era5,KGE,0.9463885703,0.8265442986,519,2026-07-20T22:56:32Z,0.9.2,09b7e092,2026-07-21T13:00:15Z
run_1@GSFLOW,GSFLOW,domain_Bow_at_Banff_lumped_era5,KGE,0.7977636606,,936,2026-07-20T19:20:02Z,0.9.2,09b7e092,2026-07-21T12:44:45Z
run_1@HBV,HBV,domain_Bow_at_Banff_lumped_era5,KGE,0.8872064325,0.7101273956,983,2026-07-20T18:49:18Z,0.9.2,09b7e092,2026-07-21T13:00:15Z
run_1@HECHMS,HECHMS,domain_Bow_at_Banff_lumped_era5,KGE,0.8203754349,0.7429621004,977,2026-07-20T19:14:26Z,0.9.2,09b7e092,2026-07-21T13:00:15Z
run_1@HYPE,HYPE,domain_Bow_at_Banff_lumped_era5,KGE,0.9001282315,0.8171477637,995,2026-07-20T19:44:43Z,0.9.2,09b7e092,2026-07-21T13:00:15Z
run_1@LSTM,LSTM,domain_Bow_at_Banff_lumped_era5,KGE,0.9767879747,0.9023917603,,2026-07-21T14:05:26Z,0.9.2,66bf4f87,2026-07-21T14:05:30Z
run_1@MESH,MESH,domain_Bow_at_Banff_lumped_era5,KGE,0.5106753346,,625,2026-07-21T01:13:47Z,0.9.2,09b7e092,2026-07-21T12:44:45Z
run_1@MHM,MHM,domain_Bow_at_Banff_lumped_era5,KGE,0.9362288765,,1487,2026-07-20T19:26:08Z,0.9.2,09b7e092,2026-07-21T12:44:45Z
run_1@PRMS,PRMS,domain_Bow_at_Banff_lumped_era5,KGE,0.9231220353,,985,2026-07-20T19:26:49Z,0.9.2,09b7e092,2026-07-21T12:44:45Z
run_1@RHESSys,RHESSys,domain_Bow_at_Banff_lumped_era5,KGE,0.3675105921,0.4114488827,976,2026-07-20T19:29:01Z,0.9.2,09b7e092,2026-07-21T13:00:15Z
run_1@SACSMA,SACSMA,domain_Bow_at_Banff_lumped_era5,KGE,0.02093508693,-0.5101878643,1989,2026-07-20T19:36:19Z,0.9.2,09b7e092,2026-07-21T13:00:15Z
run_1@SUMMA,SUMMA,domain_Bow_at_Banff_lumped_era5,KGE,0.8929323969,0.8705817805,976,2026-07-21T00:26:17Z,0.9.2,09b7e092,2026-07-21T13:00:15Z
run_1@SWAT,SWAT,domain_Bow_at_Banff_lumped_era5,KGE,0.8058267093,,982,2026-07-20T19:32:42Z,0.9.2,09b7e092,2026-07-21T12:44:45Z
run_1@TOPMODEL,TOPMODEL,domain_Bow_at_Banff_lumped_era5,KGE,0.5389436501,-7.83951012,743,2026-07-20T19:35:48Z,0.9.2,09b7e092,2026-07-21T13:00:15Z
run_1@XINANJIANG,XINANJIANG,domain_Bow_at_Banff_lumped_era5,KGE,0.4925083464,0.3995553255,970,2026-07-20T19:41:25Z,0.9.2,09b7e092,2026-07-21T13:00:15Z
