experiment_id,model,domain,metric,best_score,eval_score,best_iteration,run_completed,symfluence_version,code_commit,collected_at
cal_ensemble_hbv_abc@HBV,HBV,domain_Bow_at_Banff_lumped_calibration_ensemble,KGE,0.8881216854,0.698920037,10,2026-07-21T20:09:07Z,0.9.2,a0acb3a1,2026-07-23T16:59:07Z
cal_ensemble_hbv_adam@HBV,HBV,domain_Bow_at_Banff_lumped_calibration_ensemble,KGE,0.9372688291,0.6852553932,152,2026-07-21T20:57:30Z,0.9.2,a0acb3a1,2026-07-23T16:59:07Z
cal_ensemble_hbv_basin_hopping@HBV,HBV,domain_Bow_at_Banff_lumped_calibration_ensemble,KGE,0.9004938171,0.8805386061,3,2026-07-21T21:51:59Z,0.9.2,a0acb3a1,2026-07-23T16:59:07Z
cal_ensemble_hbv_bayesian_opt@HBV,HBV,domain_Bow_at_Banff_lumped_calibration_ensemble,KGE,0.8918683442,0.7997949288,30,2026-07-21T22:11:22Z,0.9.2,a0acb3a1,2026-07-23T16:59:07Z
cal_ensemble_hbv_cmaes@HBV,HBV,domain_Bow_at_Banff_lumped_calibration_ensemble,KGE,0.9288707391,0.8145185643,50,2026-07-21T22:28:28Z,0.9.2,a0acb3a1,2026-07-23T16:59:07Z
cal_ensemble_hbv_dds@HBV,HBV,domain_Bow_at_Banff_lumped_calibration_ensemble,KGE,0.938338602,0.7808242677,863,2026-07-21T22:48:15Z,0.9.2,a0acb3a1,2026-07-23T16:59:07Z
cal_ensemble_hbv_de@HBV,HBV,domain_Bow_at_Banff_lumped_calibration_ensemble,KGE,0.9090824594,0.7647987587,30,2026-07-21T23:20:16Z,0.9.2,a0acb3a1,2026-07-23T16:59:07Z
cal_ensemble_hbv_dream@HBV,HBV,domain_Bow_at_Banff_lumped_calibration_ensemble,KGE,0.9078622031,0.8417065445,20,2026-07-21T23:52:17Z,0.9.2,a0acb3a1,2026-07-23T16:59:07Z
cal_ensemble_hbv_ga@HBV,HBV,domain_Bow_at_Banff_lumped_calibration_ensemble,KGE,0.9160708111,0.8051035446,50,2026-07-22T00:17:35Z,0.9.2,a0acb3a1,2026-07-23T16:59:07Z
cal_ensemble_hbv_glue@HBV,HBV,domain_Bow_at_Banff_lumped_calibration_ensemble,KGE,0.9070656464,0.7280802672,1,2026-07-22T00:53:04Z,0.9.2,a0acb3a1,2026-07-23T16:59:07Z
cal_ensemble_hbv_lbfgs@HBV,HBV,domain_Bow_at_Banff_lumped_calibration_ensemble,KGE,0.9067362436,0.8096874195,124,2026-07-23T12:08:43Z,0.9.2,a0acb3a1,2026-07-23T16:59:07Z
cal_ensemble_hbv_moead@HBV,HBV,domain_Bow_at_Banff_lumped_calibration_ensemble,KGE,0.9364038321,0.7931349067,20,2026-07-22T08:31:37Z,0.9.2,a0acb3a1,2026-07-23T16:59:07Z
cal_ensemble_hbv_nelder_mead@HBV,HBV,domain_Bow_at_Banff_lumped_calibration_ensemble,KGE,0.9422489631,0.7905074286,999,2026-07-23T12:51:44Z,0.9.2,a0acb3a1,2026-07-23T16:59:07Z
cal_ensemble_hbv_nsga2@HBV,HBV,domain_Bow_at_Banff_lumped_calibration_ensemble,KGE,0.890806599,0.8092327736,0,2026-07-22T09:47:09Z,0.9.2,a0acb3a1,2026-07-23T16:59:07Z
cal_ensemble_hbv_pso@HBV,HBV,domain_Bow_at_Banff_lumped_calibration_ensemble,KGE,0.9291632216,0.7862205915,45,2026-07-22T10:05:53Z,0.9.2,a0acb3a1,2026-07-23T16:59:07Z
cal_ensemble_hbv_sa@HBV,HBV,domain_Bow_at_Banff_lumped_calibration_ensemble,KGE,0.9157387057,0.7676863087,96,2026-07-22T10:24:46Z,0.9.2,a0acb3a1,2026-07-23T16:59:07Z
cal_ensemble_hbv_sceua@HBV,HBV,domain_Bow_at_Banff_lumped_calibration_ensemble,KGE,0.9161990751,0.7978076774,7,2026-07-22T10:41:52Z,0.9.2,a0acb3a1,2026-07-23T16:59:07Z
cal_ensemble_hechms_abc@HECHMS,HECHMS,domain_Bow_at_Banff_lumped_calibration_ensemble,KGE,0.8510982765,,14,2026-07-22T11:00:06Z,0.9.2,a0acb3a1,2026-07-23T16:59:07Z
cal_ensemble_hechms_adam@HECHMS,HECHMS,domain_Bow_at_Banff_lumped_calibration_ensemble,KGE,0.8941685976,,329,2026-07-22T11:29:02Z,0.9.2,a0acb3a1,2026-07-23T16:59:07Z
cal_ensemble_hechms_basin_hopping@HECHMS,HECHMS,domain_Bow_at_Banff_lumped_calibration_ensemble,KGE,0.7995767336,,9,2026-07-22T11:58:58Z,0.9.2,a0acb3a1,2026-07-23T16:59:07Z
cal_ensemble_hechms_bayesian_opt@HECHMS,HECHMS,domain_Bow_at_Banff_lumped_calibration_ensemble,KGE,0.658403621,,42,2026-07-22T12:23:52Z,0.9.2,a0acb3a1,2026-07-23T16:59:07Z
cal_ensemble_hechms_cmaes@HECHMS,HECHMS,domain_Bow_at_Banff_lumped_calibration_ensemble,KGE,0.8794903533,,28,2026-07-22T12:40:00Z,0.9.2,a0acb3a1,2026-07-23T16:59:07Z
cal_ensemble_hechms_dds@HECHMS,HECHMS,domain_Bow_at_Banff_lumped_calibration_ensemble,KGE,0.9069368006,,975,2026-07-22T13:00:37Z,0.9.2,a0acb3a1,2026-07-23T16:59:07Z
cal_ensemble_hechms_de@HECHMS,HECHMS,domain_Bow_at_Banff_lumped_calibration_ensemble,KGE,0.9127300576,,49,2026-07-22T13:23:27Z,0.9.2,a0acb3a1,2026-07-23T16:59:07Z
cal_ensemble_hechms_dream@HECHMS,HECHMS,domain_Bow_at_Banff_lumped_calibration_ensemble,KGE,0.8330178188,,7,2026-07-22T13:54:06Z,0.9.2,a0acb3a1,2026-07-23T16:59:07Z
cal_ensemble_hechms_ga@HECHMS,HECHMS,domain_Bow_at_Banff_lumped_calibration_ensemble,KGE,0.8748222766,,50,2026-07-23T13:15:48Z,0.9.2,a0acb3a1,2026-07-23T16:59:07Z
cal_ensemble_hechms_glue@HECHMS,HECHMS,domain_Bow_at_Banff_lumped_calibration_ensemble,KGE,0.7419960427,,4,2026-07-23T13:37:14Z,0.9.2,a0acb3a1,2026-07-23T16:59:07Z
cal_ensemble_hype_ga@HYPE,HYPE,domain_Bow_at_Banff_lumped_calibration_ensemble,KGE,0.05444207798,0.07195731176,50,2026-07-21T18:01:47Z,0.9.2,a0acb3a1,2026-07-23T16:59:07Z
domain_Bow_at_Banff_distributed:catchment/distributed/Bow_at_Banff_distributed/Bow_at_Banff_distributed_HRUs_GRUs.shp,geometry,domain_Bow_at_Banff_distributed,n_features,2332,,,2026-07-21T15:31:21Z,0.9.2,f1fb3b59,2026-07-21T15:35:34Z
domain_Bow_at_Banff_distributed:river_basins/Bow_at_Banff_distributed_riverBasins_distributed_1000m.shp,geometry,domain_Bow_at_Banff_distributed,n_features,2332,,,2026-07-21T15:31:15Z,0.9.2,f1fb3b59,2026-07-21T15:35:34Z
domain_Bow_at_Banff_distributed:river_network/Bow_at_Banff_distributed_riverNetwork_distributed_1000m.shp,geometry,domain_Bow_at_Banff_distributed,n_features,2332,,,2026-07-21T15:31:16Z,0.9.2,f1fb3b59,2026-07-21T15:35:34Z
domain_Bow_at_Banff_lumped:catchment/lumped/pipeline_bow/Bow_at_Banff_lumped_HRUs_GRUs.shp,geometry,domain_Bow_at_Banff_lumped,n_features,1,,,2026-07-20T20:02:42Z,0.9.2,9d6bb65a,2026-07-21T14:31:14Z
domain_Bow_at_Banff_lumped:river_basins/Bow_at_Banff_lumped_riverBasins_lumped.shp,geometry,domain_Bow_at_Banff_lumped,n_features,1,,,2026-07-20T03:34:02Z,0.9.2,9d6bb65a,2026-07-21T14:31:14Z
domain_Bow_at_Banff_lumped:river_network/Bow_at_Banff_lumped_riverNetwork_lumped.shp,geometry,domain_Bow_at_Banff_lumped,n_features,1,,,2026-07-20T03:34:02Z,0.9.2,9d6bb65a,2026-07-21T14:31:14Z
domain_Bow_at_Banff_lumped_calibration_ensemble:catchment/lumped/cal_ensemble_fuse_abc/Bow_at_Banff_lumped_calibration_ensemble_HRUs_GRUs.shp,geometry,domain_Bow_at_Banff_lumped_calibration_ensemble,n_features,1,,,2026-07-20T03:34:15Z,0.9.2,9d6bb65a,2026-07-21T14:31:14Z
domain_Bow_at_Banff_lumped_calibration_ensemble:catchment/lumped/cal_ensemble_hbv_abc/Bow_at_Banff_lumped_calibration_ensemble_HRUs_GRUs.shp,geometry,domain_Bow_at_Banff_lumped_calibration_ensemble,n_features,1,,,2026-07-19T19:47:52Z,0.9.2,9d6bb65a,2026-07-21T14:31:14Z
domain_Bow_at_Banff_lumped_calibration_ensemble:catchment/lumped/cal_ensemble_hbv_adam/Bow_at_Banff_lumped_calibration_ensemble_HRUs_GRUs.shp,geometry,domain_Bow_at_Banff_lumped_calibration_ensemble,n_features,1,,,2026-07-19T20:16:04Z,0.9.2,9d6bb65a,2026-07-21T14:31:14Z
domain_Bow_at_Banff_lumped_calibration_ensemble:catchment/lumped/cal_ensemble_hbv_basin_hopping/Bow_at_Banff_lumped_calibration_ensemble_HRUs_GRUs.shp,geometry,domain_Bow_at_Banff_lumped_calibration_ensemble,n_features,1,,,2026-07-19T20:24:47Z,0.9.2,9d6bb65a,2026-07-21T14:31:14Z
domain_Bow_at_Banff_lumped_calibration_ensemble:catchment/lumped/cal_ensemble_hbv_bayesian_opt/Bow_at_Banff_lumped_calibration_ensemble_HRUs_GRUs.shp,geometry,domain_Bow_at_Banff_lumped_calibration_ensemble,n_features,1,,,2026-07-19T20:31:34Z,0.9.2,9d6bb65a,2026-07-21T14:31:14Z
domain_Bow_at_Banff_lumped_calibration_ensemble:catchment/lumped/cal_ensemble_hbv_cmaes/Bow_at_Banff_lumped_calibration_ensemble_HRUs_GRUs.shp,geometry,domain_Bow_at_Banff_lumped_calibration_ensemble,n_features,1,,,2026-07-19T20:35:08Z,0.9.2,9d6bb65a,2026-07-21T14:31:14Z
domain_Bow_at_Banff_lumped_calibration_ensemble:catchment/lumped/cal_ensemble_hbv_dds/Bow_at_Banff_lumped_calibration_ensemble_HRUs_GRUs.shp,geometry,domain_Bow_at_Banff_lumped_calibration_ensemble,n_features,1,,,2026-07-19T20:39:58Z,0.9.2,9d6bb65a,2026-07-21T14:31:14Z
domain_Bow_at_Banff_lumped_calibration_ensemble:catchment/lumped/cal_ensemble_hbv_de/Bow_at_Banff_lumped_calibration_ensemble_HRUs_GRUs.shp,geometry,domain_Bow_at_Banff_lumped_calibration_ensemble,n_features,1,,,2026-07-19T20:44:47Z,0.9.2,9d6bb65a,2026-07-21T14:31:14Z
domain_Bow_at_Banff_lumped_calibration_ensemble:catchment/lumped/cal_ensemble_hbv_dream/Bow_at_Banff_lumped_calibration_ensemble_HRUs_GRUs.shp,geometry,domain_Bow_at_Banff_lumped_calibration_ensemble,n_features,1,,,2026-07-19T20:49:41Z,0.9.2,9d6bb65a,2026-07-21T14:31:14Z
domain_Bow_at_Banff_lumped_calibration_ensemble:catchment/lumped/cal_ensemble_hbv_ga/Bow_at_Banff_lumped_calibration_ensemble_HRUs_GRUs.shp,geometry,domain_Bow_at_Banff_lumped_calibration_ensemble,n_features,1,,,2026-07-19T20:54:35Z,0.9.2,9d6bb65a,2026-07-21T14:31:14Z
domain_Bow_at_Banff_lumped_calibration_ensemble:catchment/lumped/cal_ensemble_hbv_glue/Bow_at_Banff_lumped_calibration_ensemble_HRUs_GRUs.shp,geometry,domain_Bow_at_Banff_lumped_calibration_ensemble,n_features,1,,,2026-07-19T20:59:28Z,0.9.2,9d6bb65a,2026-07-21T14:31:14Z
domain_Bow_at_Banff_lumped_calibration_ensemble:catchment/lumped/cal_ensemble_hbv_lbfgs/Bow_at_Banff_lumped_calibration_ensemble_HRUs_GRUs.shp,geometry,domain_Bow_at_Banff_lumped_calibration_ensemble,n_features,1,,,2026-07-19T21:04:18Z,0.9.2,9d6bb65a,2026-07-21T14:31:14Z
domain_Bow_at_Banff_lumped_calibration_ensemble:catchment/lumped/cal_ensemble_hbv_moead/Bow_at_Banff_lumped_calibration_ensemble_HRUs_GRUs.shp,geometry,domain_Bow_at_Banff_lumped_calibration_ensemble,n_features,1,,,2026-07-20T01:58:43Z,0.9.2,9d6bb65a,2026-07-21T14:31:14Z
domain_Bow_at_Banff_lumped_calibration_ensemble:catchment/lumped/cal_ensemble_hbv_nelder_mead/Bow_at_Banff_lumped_calibration_ensemble_HRUs_GRUs.shp,geometry,domain_Bow_at_Banff_lumped_calibration_ensemble,n_features,1,,,2026-07-20T02:03:47Z,0.9.2,9d6bb65a,2026-07-21T14:31:14Z
domain_Bow_at_Banff_lumped_calibration_ensemble:catchment/lumped/cal_ensemble_hbv_nsga2/Bow_at_Banff_lumped_calibration_ensemble_HRUs_GRUs.shp,geometry,domain_Bow_at_Banff_lumped_calibration_ensemble,n_features,1,,,2026-07-20T02:10:31Z,0.9.2,9d6bb65a,2026-07-21T14:31:14Z
domain_Bow_at_Banff_lumped_calibration_ensemble:catchment/lumped/cal_ensemble_hbv_pso/Bow_at_Banff_lumped_calibration_ensemble_HRUs_GRUs.shp,geometry,domain_Bow_at_Banff_lumped_calibration_ensemble,n_features,1,,,2026-07-20T02:19:58Z,0.9.2,9d6bb65a,2026-07-21T14:31:14Z
domain_Bow_at_Banff_lumped_calibration_ensemble:catchment/lumped/cal_ensemble_hbv_sa/Bow_at_Banff_lumped_calibration_ensemble_HRUs_GRUs.shp,geometry,domain_Bow_at_Banff_lumped_calibration_ensemble,n_features,1,,,2026-07-20T02:27:39Z,0.9.2,9d6bb65a,2026-07-21T14:31:14Z
domain_Bow_at_Banff_lumped_calibration_ensemble:catchment/lumped/cal_ensemble_hbv_sceua/Bow_at_Banff_lumped_calibration_ensemble_HRUs_GRUs.shp,geometry,domain_Bow_at_Banff_lumped_calibration_ensemble,n_features,1,,,2026-07-20T02:35:57Z,0.9.2,9d6bb65a,2026-07-21T14:31:14Z
domain_Bow_at_Banff_lumped_calibration_ensemble:catchment/lumped/cal_ensemble_hechms_abc/Bow_at_Banff_lumped_calibration_ensemble_HRUs_GRUs.shp,geometry,domain_Bow_at_Banff_lumped_calibration_ensemble,n_features,1,,,2026-07-20T02:42:38Z,0.9.2,9d6bb65a,2026-07-21T14:31:14Z
domain_Bow_at_Banff_lumped_calibration_ensemble:catchment/lumped/cal_ensemble_hechms_adam/Bow_at_Banff_lumped_calibration_ensemble_HRUs_GRUs.shp,geometry,domain_Bow_at_Banff_lumped_calibration_ensemble,n_features,1,,,2026-07-20T02:48:21Z,0.9.2,9d6bb65a,2026-07-21T14:31:14Z
domain_Bow_at_Banff_lumped_calibration_ensemble:catchment/lumped/cal_ensemble_hechms_basin_hopping/Bow_at_Banff_lumped_calibration_ensemble_HRUs_GRUs.shp,geometry,domain_Bow_at_Banff_lumped_calibration_ensemble,n_features,1,,,2026-07-20T02:56:12Z,0.9.2,9d6bb65a,2026-07-21T14:31:14Z
domain_Bow_at_Banff_lumped_calibration_ensemble:catchment/lumped/cal_ensemble_hechms_bayesian_opt/Bow_at_Banff_lumped_calibration_ensemble_HRUs_GRUs.shp,geometry,domain_Bow_at_Banff_lumped_calibration_ensemble,n_features,1,,,2026-07-20T03:02:10Z,0.9.2,9d6bb65a,2026-07-21T14:31:14Z
domain_Bow_at_Banff_lumped_calibration_ensemble:catchment/lumped/cal_ensemble_hechms_cmaes/Bow_at_Banff_lumped_calibration_ensemble_HRUs_GRUs.shp,geometry,domain_Bow_at_Banff_lumped_calibration_ensemble,n_features,1,,,2026-07-20T03:06:07Z,0.9.2,9d6bb65a,2026-07-21T14:31:14Z
domain_Bow_at_Banff_lumped_calibration_ensemble:catchment/lumped/cal_ensemble_hechms_dds/Bow_at_Banff_lumped_calibration_ensemble_HRUs_GRUs.shp,geometry,domain_Bow_at_Banff_lumped_calibration_ensemble,n_features,1,,,2026-07-20T03:10:39Z,0.9.2,9d6bb65a,2026-07-21T14:31:14Z
domain_Bow_at_Banff_lumped_calibration_ensemble:catchment/lumped/cal_ensemble_hechms_de/Bow_at_Banff_lumped_calibration_ensemble_HRUs_GRUs.shp,geometry,domain_Bow_at_Banff_lumped_calibration_ensemble,n_features,1,,,2026-07-20T03:15:19Z,0.9.2,9d6bb65a,2026-07-21T14:31:14Z
domain_Bow_at_Banff_lumped_calibration_ensemble:catchment/lumped/cal_ensemble_hechms_dream/Bow_at_Banff_lumped_calibration_ensemble_HRUs_GRUs.shp,geometry,domain_Bow_at_Banff_lumped_calibration_ensemble,n_features,1,,,2026-07-20T03:20:24Z,0.9.2,9d6bb65a,2026-07-21T14:31:14Z
domain_Bow_at_Banff_lumped_calibration_ensemble:catchment/lumped/cal_ensemble_hechms_ga/Bow_at_Banff_lumped_calibration_ensemble_HRUs_GRUs.shp,geometry,domain_Bow_at_Banff_lumped_calibration_ensemble,n_features,1,,,2026-07-20T03:25:50Z,0.9.2,9d6bb65a,2026-07-21T14:31:14Z
domain_Bow_at_Banff_lumped_calibration_ensemble:catchment/lumped/cal_ensemble_hechms_glue/Bow_at_Banff_lumped_calibration_ensemble_HRUs_GRUs.shp,geometry,domain_Bow_at_Banff_lumped_calibration_ensemble,n_features,1,,,2026-07-20T03:30:56Z,0.9.2,9d6bb65a,2026-07-21T14:31:14Z
domain_Bow_at_Banff_lumped_calibration_ensemble:catchment/lumped/cal_ensemble_hechms_lbfgs/Bow_at_Banff_lumped_calibration_ensemble_HRUs_GRUs.shp,geometry,domain_Bow_at_Banff_lumped_calibration_ensemble,n_features,1,,,2026-07-20T03:36:11Z,0.9.2,9d6bb65a,2026-07-21T14:31:14Z
domain_Bow_at_Banff_lumped_calibration_ensemble:catchment/lumped/cal_ensemble_hechms_moead/Bow_at_Banff_lumped_calibration_ensemble_HRUs_GRUs.shp,geometry,domain_Bow_at_Banff_lumped_calibration_ensemble,n_features,1,,,2026-07-20T13:09:14Z,0.9.2,9d6bb65a,2026-07-21T14:31:14Z
domain_Bow_at_Banff_lumped_calibration_ensemble:catchment/lumped/cal_ensemble_hechms_nelder_mead/Bow_at_Banff_lumped_calibration_ensemble_HRUs_GRUs.shp,geometry,domain_Bow_at_Banff_lumped_calibration_ensemble,n_features,1,,,2026-07-20T13:29:02Z,0.9.2,9d6bb65a,2026-07-21T14:31:14Z
domain_Bow_at_Banff_lumped_calibration_ensemble:catchment/lumped/cal_ensemble_hechms_nsga2/Bow_at_Banff_lumped_calibration_ensemble_HRUs_GRUs.shp,geometry,domain_Bow_at_Banff_lumped_calibration_ensemble,n_features,1,,,2026-07-20T13:44:48Z,0.9.2,9d6bb65a,2026-07-21T14:31:14Z
domain_Bow_at_Banff_lumped_calibration_ensemble:catchment/lumped/cal_ensemble_hechms_pso/Bow_at_Banff_lumped_calibration_ensemble_HRUs_GRUs.shp,geometry,domain_Bow_at_Banff_lumped_calibration_ensemble,n_features,1,,,2026-07-20T14:01:23Z,0.9.2,9d6bb65a,2026-07-21T14:31:14Z
domain_Bow_at_Banff_lumped_calibration_ensemble:catchment/lumped/cal_ensemble_hechms_sa/Bow_at_Banff_lumped_calibration_ensemble_HRUs_GRUs.shp,geometry,domain_Bow_at_Banff_lumped_calibration_ensemble,n_features,1,,,2026-07-20T14:12:46Z,0.9.2,9d6bb65a,2026-07-21T14:31:14Z
domain_Bow_at_Banff_lumped_calibration_ensemble:catchment/lumped/cal_ensemble_hechms_sceua/Bow_at_Banff_lumped_calibration_ensemble_HRUs_GRUs.shp,geometry,domain_Bow_at_Banff_lumped_calibration_ensemble,n_features,1,,,2026-07-20T14:23:14Z,0.9.2,9d6bb65a,2026-07-21T14:31:14Z
domain_Bow_at_Banff_lumped_calibration_ensemble:catchment/lumped/cal_ensemble_hype_abc/Bow_at_Banff_lumped_calibration_ensemble_HRUs_GRUs.shp,geometry,domain_Bow_at_Banff_lumped_calibration_ensemble,n_features,1,,,2026-07-20T14:30:58Z,0.9.2,9d6bb65a,2026-07-21T14:31:14Z
domain_Bow_at_Banff_lumped_calibration_ensemble:catchment/lumped/cal_ensemble_hype_basin_hopping/Bow_at_Banff_lumped_calibration_ensemble_HRUs_GRUs.shp,geometry,domain_Bow_at_Banff_lumped_calibration_ensemble,n_features,1,,,2026-07-20T18:18:55Z,0.9.2,9d6bb65a,2026-07-21T14:31:14Z
domain_Bow_at_Banff_lumped_calibration_ensemble:catchment/lumped/cal_ensemble_hype_bayesian_opt/Bow_at_Banff_lumped_calibration_ensemble_HRUs_GRUs.shp,geometry,domain_Bow_at_Banff_lumped_calibration_ensemble,n_features,1,,,2026-07-20T19:46:17Z,0.9.2,9d6bb65a,2026-07-21T14:31:14Z
domain_Bow_at_Banff_lumped_calibration_ensemble:catchment/lumped/cal_ensemble_hype_cmaes/Bow_at_Banff_lumped_calibration_ensemble_HRUs_GRUs.shp,geometry,domain_Bow_at_Banff_lumped_calibration_ensemble,n_features,1,,,2026-07-20T21:25:18Z,0.9.2,9d6bb65a,2026-07-21T14:31:14Z
domain_Bow_at_Banff_lumped_calibration_ensemble:catchment/lumped/cal_ensemble_hype_dds/Bow_at_Banff_lumped_calibration_ensemble_HRUs_GRUs.shp,geometry,domain_Bow_at_Banff_lumped_calibration_ensemble,n_features,1,,,2026-07-20T23:06:27Z,0.9.2,9d6bb65a,2026-07-21T14:31:14Z
domain_Bow_at_Banff_lumped_calibration_ensemble:catchment/lumped/cal_ensemble_hype_de/Bow_at_Banff_lumped_calibration_ensemble_HRUs_GRUs.shp,geometry,domain_Bow_at_Banff_lumped_calibration_ensemble,n_features,1,,,2026-07-21T00:31:49Z,0.9.2,9d6bb65a,2026-07-21T14:31:14Z
domain_Bow_at_Banff_lumped_calibration_ensemble:catchment/lumped/cal_ensemble_hype_dream/Bow_at_Banff_lumped_calibration_ensemble_HRUs_GRUs.shp,geometry,domain_Bow_at_Banff_lumped_calibration_ensemble,n_features,1,,,2026-07-21T02:43:10Z,0.9.2,9d6bb65a,2026-07-21T14:31:14Z
domain_Bow_at_Banff_lumped_calibration_ensemble:catchment/lumped/cal_ensemble_hype_ga/Bow_at_Banff_lumped_calibration_ensemble_HRUs_GRUs.shp,geometry,domain_Bow_at_Banff_lumped_calibration_ensemble,n_features,1,,,2026-07-21T12:30:24Z,0.9.2,9d6bb65a,2026-07-21T14:31:14Z
domain_Bow_at_Banff_lumped_calibration_ensemble:catchment/lumped/cal_ensemble_hype_glue/Bow_at_Banff_lumped_calibration_ensemble_HRUs_GRUs.shp,geometry,domain_Bow_at_Banff_lumped_calibration_ensemble,n_features,1,,,2026-07-21T18:02:54Z,0.9.2,e3ac632a,2026-07-21T18:09:47Z
domain_Bow_at_Banff_lumped_calibration_ensemble:river_basins/Bow_at_Banff_lumped_calibration_ensemble_riverBasins_lumped.shp,geometry,domain_Bow_at_Banff_lumped_calibration_ensemble,n_features,1,,,2026-07-19T19:47:52Z,0.9.2,9d6bb65a,2026-07-21T14:31:14Z
domain_Bow_at_Banff_lumped_calibration_ensemble:river_network/Bow_at_Banff_lumped_calibration_ensemble_riverNetwork_lumped.shp,geometry,domain_Bow_at_Banff_lumped_calibration_ensemble,n_features,1,,,2026-07-19T19:47:52Z,0.9.2,9d6bb65a,2026-07-21T14:31:14Z
domain_Bow_at_Banff_lumped_elev_aspect:catchment/lumped/Bow_at_Banff_lumped_elev_aspect/Bow_at_Banff_lumped_elev_aspect_HRUs_elevation_aspect.shp,geometry,domain_Bow_at_Banff_lumped_elev_aspect,n_features,88,,,2026-07-19T19:12:45Z,0.9.2,9d6bb65a,2026-07-21T14:31:14Z
domain_Bow_at_Banff_lumped_elev_aspect:river_basins/Bow_at_Banff_lumped_elev_aspect_riverBasins_lumped.shp,geometry,domain_Bow_at_Banff_lumped_elev_aspect,n_features,1,,,2026-07-19T19:12:37Z,0.9.2,9d6bb65a,2026-07-21T14:31:14Z
domain_Bow_at_Banff_lumped_elev_aspect:river_network/Bow_at_Banff_lumped_elev_aspect_riverNetwork_lumped.shp,geometry,domain_Bow_at_Banff_lumped_elev_aspect,n_features,1,,,2026-07-19T19:12:37Z,0.9.2,9d6bb65a,2026-07-21T14:31:14Z
domain_Bow_at_Banff_lumped_elev_bands:catchment/lumped/Bow_at_Banff_lumped_elev_bands/Bow_at_Banff_lumped_elev_bands_HRUs_elevation.shp,geometry,domain_Bow_at_Banff_lumped_elev_bands,n_features,12,,,2026-07-19T19:12:55Z,0.9.2,9d6bb65a,2026-07-21T14:31:14Z
domain_Bow_at_Banff_lumped_elev_bands:river_basins/Bow_at_Banff_lumped_elev_bands_riverBasins_lumped.shp,geometry,domain_Bow_at_Banff_lumped_elev_bands,n_features,1,,,2026-07-19T19:12:53Z,0.9.2,9d6bb65a,2026-07-21T14:31:15Z
domain_Bow_at_Banff_lumped_elev_bands:river_network/Bow_at_Banff_lumped_elev_bands_riverNetwork_lumped.shp,geometry,domain_Bow_at_Banff_lumped_elev_bands,n_features,1,,,2026-07-19T19:12:53Z,0.9.2,9d6bb65a,2026-07-21T14:31:15Z
domain_Bow_at_Banff_lumped_elev_sd_routing:catchment/lumped/Bow_at_Banff_lumped_elev_sd_routing/Bow_at_Banff_lumped_elev_sd_routing_HRUs_elevation.shp,geometry,domain_Bow_at_Banff_lumped_elev_sd_routing,n_features,12,,,2026-07-19T19:13:07Z,0.9.2,9d6bb65a,2026-07-21T14:31:15Z
domain_Bow_at_Banff_lumped_elev_sd_routing:catchment/lumped/Bow_at_Banff_lumped_elev_sd_routing/Bow_at_Banff_lumped_elev_sd_routing_catchment_delineated.shp,geometry,domain_Bow_at_Banff_lumped_elev_sd_routing,n_features,49,,,2026-07-19T19:13:07Z,0.9.2,9d6bb65a,2026-07-21T14:31:15Z
domain_Bow_at_Banff_lumped_elev_sd_routing:river_basins/Bow_at_Banff_lumped_elev_sd_routing_riverBasins_delineate.shp,geometry,domain_Bow_at_Banff_lumped_elev_sd_routing,n_features,49,,,2026-07-19T19:13:05Z,0.9.2,9d6bb65a,2026-07-21T14:31:15Z
domain_Bow_at_Banff_lumped_elev_sd_routing:river_basins/Bow_at_Banff_lumped_elev_sd_routing_riverBasins_lumped.shp,geometry,domain_Bow_at_Banff_lumped_elev_sd_routing,n_features,1,,,2026-07-19T19:13:03Z,0.9.2,9d6bb65a,2026-07-21T14:31:15Z
domain_Bow_at_Banff_lumped_elev_sd_routing:river_network/Bow_at_Banff_lumped_elev_sd_routing_riverNetwork_delineate.shp,geometry,domain_Bow_at_Banff_lumped_elev_sd_routing,n_features,49,,,2026-07-19T19:13:05Z,0.9.2,9d6bb65a,2026-07-21T14:31:15Z
domain_Bow_at_Banff_lumped_elev_sd_routing:river_network/Bow_at_Banff_lumped_elev_sd_routing_riverNetwork_lumped.shp,geometry,domain_Bow_at_Banff_lumped_elev_sd_routing,n_features,1,,,2026-07-19T19:13:03Z,0.9.2,9d6bb65a,2026-07-21T14:31:15Z
domain_Bow_at_Banff_lumped_era5:catchment/lumped/Bow_at_Banff_lumped_era5/Bow_at_Banff_lumped_era5_HRUs_GRUs.shp,geometry,domain_Bow_at_Banff_lumped_era5,n_features,1,,,2026-07-19T17:23:43Z,0.9.2,9d6bb65a,2026-07-21T14:31:15Z
domain_Bow_at_Banff_lumped_era5:catchment/lumped/run_1/Bow_at_Banff_lumped_era5_HRUs_GRUs.shp,geometry,domain_Bow_at_Banff_lumped_era5,n_features,1,,,2026-07-21T12:56:53Z,0.9.2,9d6bb65a,2026-07-21T14:31:15Z
domain_Bow_at_Banff_lumped_era5:catchment/lumped/run_1/Bow_at_Banff_lumped_era5_HRUs_elevation.shp,geometry,domain_Bow_at_Banff_lumped_era5,n_features,12,,,2026-07-22T01:26:58Z,0.9.2,a0acb3a1,2026-07-23T16:59:08Z
domain_Bow_at_Banff_lumped_era5:river_basins/Bow_at_Banff_lumped_era5_riverBasins_lumped.shp,geometry,domain_Bow_at_Banff_lumped_era5,n_features,1,,,2026-07-20T03:34:12Z,0.9.2,9d6bb65a,2026-07-21T14:31:15Z
domain_Bow_at_Banff_lumped_era5:river_network/Bow_at_Banff_lumped_era5_riverNetwork_lumped.shp,geometry,domain_Bow_at_Banff_lumped_era5,n_features,1,,,2026-07-20T03:34:12Z,0.9.2,9d6bb65a,2026-07-21T14:31:15Z
domain_Bow_at_Banff_lumped_land_classes:catchment/lumped/Bow_at_Banff_lumped_land_classes/Bow_at_Banff_lumped_land_classes_HRUs_landclass.shp,geometry,domain_Bow_at_Banff_lumped_land_classes,n_features,9,,,2026-07-19T17:49:05Z,0.9.2,9d6bb65a,2026-07-21T14:31:15Z
domain_Bow_at_Banff_lumped_land_classes:river_basins/Bow_at_Banff_lumped_land_classes_riverBasins_lumped.shp,geometry,domain_Bow_at_Banff_lumped_land_classes,n_features,1,,,2026-07-19T17:49:05Z,0.9.2,9d6bb65a,2026-07-21T14:31:15Z
domain_Bow_at_Banff_lumped_land_classes:river_network/Bow_at_Banff_lumped_land_classes_riverNetwork_lumped.shp,geometry,domain_Bow_at_Banff_lumped_land_classes,n_features,1,,,2026-07-19T17:49:05Z,0.9.2,9d6bb65a,2026-07-21T14:31:15Z
domain_Bow_at_Banff_lumped_sd_routing:catchment/lumped/Bow_at_Banff_lumped_sd_routing/Bow_at_Banff_lumped_sd_routing_HRUs_GRUs.shp,geometry,domain_Bow_at_Banff_lumped_sd_routing,n_features,1,,,2026-07-19T19:12:29Z,0.9.2,9d6bb65a,2026-07-21T14:31:15Z
domain_Bow_at_Banff_lumped_sd_routing:catchment/lumped/Bow_at_Banff_lumped_sd_routing/Bow_at_Banff_lumped_sd_routing_catchment_delineated.shp,geometry,domain_Bow_at_Banff_lumped_sd_routing,n_features,49,,,2026-07-19T19:12:29Z,0.9.2,9d6bb65a,2026-07-21T14:31:15Z
domain_Bow_at_Banff_lumped_sd_routing:river_basins/Bow_at_Banff_lumped_sd_routing_riverBasins_delineate.shp,geometry,domain_Bow_at_Banff_lumped_sd_routing,n_features,49,,,2026-07-19T19:12:29Z,0.9.2,9d6bb65a,2026-07-21T14:31:15Z
domain_Bow_at_Banff_lumped_sd_routing:river_basins/Bow_at_Banff_lumped_sd_routing_riverBasins_lumped.shp,geometry,domain_Bow_at_Banff_lumped_sd_routing,n_features,1,,,2026-07-19T19:12:27Z,0.9.2,9d6bb65a,2026-07-21T14:31:15Z
domain_Bow_at_Banff_lumped_sd_routing:river_network/Bow_at_Banff_lumped_sd_routing_riverNetwork_delineate.shp,geometry,domain_Bow_at_Banff_lumped_sd_routing,n_features,49,,,2026-07-19T19:12:29Z,0.9.2,9d6bb65a,2026-07-21T14:31:15Z
domain_Bow_at_Banff_lumped_sd_routing:river_network/Bow_at_Banff_lumped_sd_routing_riverNetwork_lumped.shp,geometry,domain_Bow_at_Banff_lumped_sd_routing,n_features,1,,,2026-07-19T19:12:27Z,0.9.2,9d6bb65a,2026-07-21T14:31:15Z
domain_Bow_at_Banff_multivar:catchment/lumped/bow_exp3_joint/Bow_at_Banff_multivar_HRUs_GRUs.shp,geometry,domain_Bow_at_Banff_multivar,n_features,1,,,2026-07-20T20:40:28Z,0.9.2,9d6bb65a,2026-07-21T14:31:15Z
domain_Bow_at_Banff_multivar:catchment/lumped/bow_exp4_moead_joint/Bow_at_Banff_multivar_HRUs_GRUs.shp,geometry,domain_Bow_at_Banff_multivar,n_features,1,,,2026-07-21T19:21:56Z,0.9.2,6ea0d4d7,2026-07-21T19:29:49Z
domain_Bow_at_Banff_multivar:river_basins/Bow_at_Banff_multivar_riverBasins_lumped.shp,geometry,domain_Bow_at_Banff_multivar,n_features,1,,,2026-07-20T03:34:11Z,0.9.2,9d6bb65a,2026-07-21T14:31:15Z
domain_Bow_at_Banff_multivar:river_network/Bow_at_Banff_multivar_riverNetwork_lumped.shp,geometry,domain_Bow_at_Banff_multivar,n_features,1,,,2026-07-20T03:34:11Z,0.9.2,9d6bb65a,2026-07-21T14:31:15Z
domain_Bow_at_Banff_semidistributed_elev:catchment/semidistributed/Bow_at_Banff_semidistributed_elev/Bow_at_Banff_semidistributed_elev_HRUs_elevation.shp,geometry,domain_Bow_at_Banff_semidistributed_elev,n_features,363,,,2026-07-19T17:49:25Z,0.9.2,9d6bb65a,2026-07-21T14:31:15Z
domain_Bow_at_Banff_semidistributed_elev:river_basins/Bow_at_Banff_semidistributed_elev_riverBasins_semidistributed.shp,geometry,domain_Bow_at_Banff_semidistributed_elev,n_features,49,,,2026-07-19T17:49:23Z,0.9.2,9d6bb65a,2026-07-21T14:31:15Z
domain_Bow_at_Banff_semidistributed_elev:river_network/Bow_at_Banff_semidistributed_elev_riverNetwork_semidistributed.shp,geometry,domain_Bow_at_Banff_semidistributed_elev,n_features,49,,,2026-07-19T17:49:23Z,0.9.2,9d6bb65a,2026-07-21T14:31:15Z
domain_Bow_at_Banff_semidistributed_elev_aspect:catchment/semidistributed/Bow_at_Banff_semidistributed_elev_aspect/Bow_at_Banff_semidistributed_elev_aspect_HRUs_elevation_aspect.shp,geometry,domain_Bow_at_Banff_semidistributed_elev_aspect,n_features,2409,,,2026-07-19T17:49:44Z,0.9.2,9d6bb65a,2026-07-21T14:31:15Z
domain_Bow_at_Banff_semidistributed_elev_aspect:river_basins/Bow_at_Banff_semidistributed_elev_aspect_riverBasins_semidistributed.shp,geometry,domain_Bow_at_Banff_semidistributed_elev_aspect,n_features,49,,,2026-07-19T17:49:34Z,0.9.2,9d6bb65a,2026-07-21T14:31:15Z
domain_Bow_at_Banff_semidistributed_elev_aspect:river_network/Bow_at_Banff_semidistributed_elev_aspect_riverNetwork_semidistributed.shp,geometry,domain_Bow_at_Banff_semidistributed_elev_aspect,n_features,49,,,2026-07-19T17:49:34Z,0.9.2,9d6bb65a,2026-07-21T14:31:15Z
domain_Bow_at_Banff_semidistributed_era5:catchment/semidistributed/Bow_at_Banff_semidistributed_era5/Bow_at_Banff_semidistributed_era5_HRUs_GRUs.shp,geometry,domain_Bow_at_Banff_semidistributed_era5,n_features,49,,,2026-07-19T17:49:14Z,0.9.2,9d6bb65a,2026-07-21T14:31:15Z
domain_Bow_at_Banff_semidistributed_era5:river_basins/Bow_at_Banff_semidistributed_era5_riverBasins_semidistributed.shp,geometry,domain_Bow_at_Banff_semidistributed_era5,n_features,49,,,2026-07-19T17:49:14Z,0.9.2,9d6bb65a,2026-07-21T14:31:15Z
domain_Bow_at_Banff_semidistributed_era5:river_network/Bow_at_Banff_semidistributed_era5_riverNetwork_semidistributed.shp,geometry,domain_Bow_at_Banff_semidistributed_era5,n_features,49,,,2026-07-19T17:49:14Z,0.9.2,9d6bb65a,2026-07-21T14:31:15Z
domain_Iceland_coastal:catchment/semidistributed/Iceland_coastal/Iceland_coastal_HRUs_GRUs.shp,geometry,domain_Iceland_coastal,n_features,2284,,,2026-07-19T18:17:38Z,0.9.2,9d6bb65a,2026-07-21T14:31:15Z
domain_Iceland_coastal:river_basins/Iceland_coastal_riverBasins_semidistributed.shp,geometry,domain_Iceland_coastal,n_features,1864,,,2026-07-19T18:17:25Z,0.9.2,9d6bb65a,2026-07-21T14:31:15Z
domain_Iceland_coastal:river_basins/Iceland_coastal_riverBasins_with_coastal.shp,geometry,domain_Iceland_coastal,n_features,2284,,,2026-07-19T18:17:34Z,0.9.2,9d6bb65a,2026-07-21T14:31:15Z
domain_Iceland_coastal:river_network/Iceland_coastal_riverNetwork_semidistributed.shp,geometry,domain_Iceland_coastal,n_features,1895,,,2026-07-19T18:17:25Z,0.9.2,9d6bb65a,2026-07-21T14:31:15Z
domain_Iceland_coastal_elev:catchment/semidistributed/Iceland_coastal_elev/Iceland_coastal_elev_HRUs_elevation.shp,geometry,domain_Iceland_coastal_elev,n_features,7185,,,2026-07-19T18:45:58Z,0.9.2,9d6bb65a,2026-07-21T14:31:15Z
domain_Iceland_coastal_elev:river_basins/Iceland_coastal_elev_riverBasins_semidistributed.shp,geometry,domain_Iceland_coastal_elev,n_features,1864,,,2026-07-19T18:45:20Z,0.9.2,9d6bb65a,2026-07-21T14:31:15Z
domain_Iceland_coastal_elev:river_basins/Iceland_coastal_elev_riverBasins_with_coastal.shp,geometry,domain_Iceland_coastal_elev,n_features,2284,,,2026-07-19T18:45:28Z,0.9.2,9d6bb65a,2026-07-21T14:31:15Z
domain_Iceland_coastal_elev:river_network/Iceland_coastal_elev_riverNetwork_semidistributed.shp,geometry,domain_Iceland_coastal_elev,n_features,1895,,,2026-07-19T18:45:20Z,0.9.2,9d6bb65a,2026-07-21T14:31:15Z
domain_Iceland_regional:catchment/semidistributed/Iceland_regional/Iceland_regional_HRUs_GRUs.shp,geometry,domain_Iceland_regional,n_features,1894,,,2026-07-19T19:11:50Z,0.9.2,9d6bb65a,2026-07-21T14:31:15Z
domain_Iceland_regional:river_basins/Iceland_regional_riverBasins_semidistributed.shp,geometry,domain_Iceland_regional,n_features,1894,,,2026-07-19T19:11:45Z,0.9.2,9d6bb65a,2026-07-21T14:31:15Z
domain_Iceland_regional:river_network/Iceland_regional_riverNetwork_semidistributed.shp,geometry,domain_Iceland_regional,n_features,1895,,,2026-07-19T19:11:45Z,0.9.2,9d6bb65a,2026-07-21T14:31:15Z
domain_paradise_snotel_wa_era5:catchment/point/paradise_snotel_wa_era5/paradise_snotel_wa_era5_HRUs_GRUs.shp,geometry,domain_paradise_snotel_wa_era5,n_features,1,,,2026-07-19T17:40:40Z,0.9.2,9d6bb65a,2026-07-21T14:31:15Z
domain_paradise_snotel_wa_era5:river_basins/paradise_snotel_wa_era5_riverBasins_point.shp,geometry,domain_paradise_snotel_wa_era5,n_features,1,,,2026-07-19T17:40:40Z,0.9.2,9d6bb65a,2026-07-21T14:31:15Z
run_1@FUSE,FUSE,domain_Bow_at_Banff_lumped_era5,KGE,0.9402980047,,4318,2026-07-21T22:37:25Z,0.9.2,a0acb3a1,2026-07-23T16:59:07Z
run_1@GSFLOW,GSFLOW,domain_Bow_at_Banff_lumped_era5,KGE,0.8006979086,,959,2026-07-22T16:52:04Z,0.9.2,a0acb3a1,2026-07-23T16:59:07Z
run_1@HBV,HBV,domain_Bow_at_Banff_lumped_era5,KGE,0.8872542606,0.7101296571,983,2026-07-22T00:46:29Z,0.9.2,a0acb3a1,2026-07-23T16:59:07Z
run_1@HECHMS,HECHMS,domain_Bow_at_Banff_lumped_era5,KGE,0.8525165733,,980,2026-07-22T01:24:06Z,0.9.2,a0acb3a1,2026-07-23T16:59:07Z
run_1@TOPMODEL,TOPMODEL,domain_Bow_at_Banff_lumped_era5,KGE,0.9533931996,0.8355568062,752,2026-07-21T12:56:04Z,0.9.2,a0acb3a1,2026-07-23T16:59:07Z
run_1@XINANJIANG,XINANJIANG,domain_Bow_at_Banff_lumped_era5,KGE,0.914235444,0.8204405927,986,2026-07-21T13:13:53Z,0.9.2,a0acb3a1,2026-07-23T16:59:07Z
